Date,Close,High,Low,Open,Volume,Price_Up
2020-01-02,72.3338623046875,72.39407027941263,71.09116882440814,71.34403937841115,135480400,0
2020-01-03,71.63064575195312,72.38926493117573,71.40667380039741,71.56321309934685,146322800,1
2020-01-06,72.201416015625,72.23995000976231,70.50355369984423,70.75402098693286,118387200,0
2020-01-07,71.86185455322266,72.46633779595872,71.6426965801033,72.21105649751387,108872000,1
2020-01-08,73.01782989501953,73.31886979288494,71.56561372170107,71.56561372170107,132079200,1
2020-01-09,74.56880187988281,74.76146451044018,73.74275001069596,73.99320996049889,170108400,1
2020-01-10,74.73737335205078,75.30092656417412,74.23644614635045,74.8024026801614,140644800,1
2020-01-13,76.3341064453125,76.36060178633993,74.93487315391599,75.05288582822318,121532000,0
2020-01-14,75.30333709716797,76.48100893453174,75.18051779267843,76.27148630079421,161954400,0
2020-01-15,74.98062133789062,75.98248317068368,74.54953007278792,75.10344798902688,121923600,1
2020-01-16,75.91986846923828,76.03065646802948,75.16124922768141,75.52249718552835,108829200,1
2020-01-17,76.76036071777344,76.7627640392473,75.86205500785368,76.16790890123319,137816400,0
2020-01-21,76.24014282226562,76.83017646283267,76.10286689971221,76.38945739784091,110843200,1
2020-01-22,76.51231384277344,77.06381371935198,76.41838585398544,76.72423978617735,101832400,1
2020-01-23,76.88076782226562,76.96023911310208,76.01858552983758,76.56527863051073,104472000,0
2020-01-24,76.6592025756836,77.8681760847734,76.46894331412666,77.12641705620177,146537600,0
2020-01-27,74.40503692626953,75.08417746726008,73.42484908589569,74.67235687385795,161940000,1
2020-01-28,76.50990295410156,76.68089158109271,75.18532722614749,75.28406920782065,162234000,1
2020-01-29,78.1114273071289,78.95674973344263,77.39856685210137,78.13792264122904,216229200,0
2020-01-30,77.99824523925781,78.05122856412287,76.76518678742532,77.19627805111793,126743200,0
2020-01-31,74.5399169921875,77.71167041513803,74.24610164905711,77.29021440201876,199588400,0
2020-02-03,74.33518981933594,75.4984048922783,72.78423148900761,73.28515870612867,173788400,1
2020-02-04,76.78926086425781,76.9795201431656,75.53211792000401,75.93671379066781,136616400,1
2020-02-05,77.41542053222656,78.21257356762338,76.81334075627086,77.91393700101683,118826800,1
2020-02-06,78.3209457397461,78.32335641079244,77.12883215929374,77.68515330009288,105425600,0
2020-02-07,77.25635528564453,78.06988383321008,76.76630651671353,77.82123854389138,117684000,1
2020-02-10,77.623291015625,77.623291015625,75.7644885208781,75.8441484328751,109348800,0
2020-02-11,77.15496826171875,78.19059132825674,76.93770658748598,78.11817322586252,94323200,1
2020-02-12,78.98723602294922,78.99206144129231,77.60399117788235,77.60399117788235,113730400,0
2020-02-13,78.42474365234375,78.75063980830953,78.05781303227035,78.2605910618148,94747600,1
2020-02-14,78.44406127929688,78.69270656111114,77.93711251400148,78.3933612458328,80113600,0
2020-02-18,77.0077133178711,77.1887659353896,75.94794846047884,76.12900107799734,152531200,1
2020-02-19,78.12300109863281,78.35233737517142,77.24912158938099,77.24912158938099,93984000,0
2020-02-20,77.32154083251953,78.37164756799683,76.81700838375629,77.88401513292217,100566000,0
2020-02-21,75.57135009765625,77.35774159273006,74.95577422235982,76.91596913601705,129554000,0
2020-02-24,71.98169708251953,73.43011814732492,69.8211400810818,71.75960997813098,222195200,0
2020-02-25,69.54351043701172,73.03179362770307,69.07277807692655,72.65037937541128,230673600,1
2020-02-26,70.64674377441406,71.90928692764982,69.16211349223191,69.16935530367469,198054800,0
2020-02-27,66.0286865234375,69.04140503149553,65.89350114490772,67.85852928583456,320605600,0
2020-02-28,65.99006652832031,67.20915879544067,61.88862284247871,62.10347552395671,426510000,1
2020-03-02,72.13377380371094,72.76866613954134,67.04257525684778,68.14337454443714,341397200,0
2020-03-03,69.84284973144531,73.38665070115958,68.99310485052062,73.30699080209732,319475600,1
2020-03-04,73.08246612548828,73.24179326043819,70.76258288714146,71.56162758640336,219178400,0
2020-03-05,70.7119140625,72.31241302487865,70.34739243241086,71.33955724756618,187572800,0
2020-03-06,69.77287292480469,70.20498737405435,67.889928042293,68.07580613740882,226176800,0
2020-03-09,64.25438690185547,67.13191312620091,63.48913439783881,63.67018706247143,286744800,1
2020-03-10,68.882080078125,69.14762542571471,65.0268655374001,66.90257561810807,285290000,0
2020-03-11,66.48977661132812,67.8875051992336,65.62796418784407,66.96293286366341,255598800,0
2020-03-12,59.9235954284668,65.17895115078981,59.86807364961435,61.78481820985721,418474000,1
2020-03-13,67.10293579101562,67.57367559511492,61.06301877546382,63.94538103600016,370732000,0
2020-03-16,58.4703369140625,62.54280864814437,57.93683361708763,58.40756965352153,322423600,1
2020-03-17,61.04128646850586,62.1879493594709,57.550590391518064,59.74977632698614,324056000,0
2020-03-18,59.5469970703125,60.350871115595204,57.24159305699179,57.88131450093201,300233600,0
2020-03-19,59.09075164794922,61.03646337436918,58.56690646649194,59.72081496454535,271857200,0
2020-03-20,55.33934783935547,60.792652825729554,55.04000612907548,59.670124174823826,401693200,0
2020-03-23,54.16371536254883,55.16071324010263,51.32481083433544,55.059324187329935,336752800,1
2020-03-24,59.59769821166992,59.79323446043245,56.56084169108887,57.05813231967632,287531200,0
2020-03-25,59.26938247680664,62.3424476958278,58.97486994131572,60.53192162528101,303602000,1
2020-03-26,62.388309478759766,62.446243950484835,59.472155301309265,59.510780738142245,252087200,0
2020-03-27,59.805301666259766,61.767909526223264,59.638732669554486,61.01473181958192,204216800,1
2020-03-30,61.51203155517578,61.68342967850782,60.20603760216864,60.529521124828726,167976400,0
2020-03-31,61.38648986816406,63.365997685508034,60.833677514674484,61.702731524008335,197002000,0
2020-04-01,58.15650939941406,60.04186986399155,57.726811528152915,59.50595387920076,176218400,1
2020-04-02,59.126953125,59.18006218576405,57.1884834576866,58.01891202578832,165934000,0
2020-04-03,58.2772331237793,59.31285275446095,57.688207859940405,58.61278391804478,129880000,1
2020-04-06,63.36117935180664,63.51567376682207,60.201208300554335,60.568138982385115,201820400,0
2020-04-07,62.62730407714844,65.58932954032026,62.52350234713508,65.37206051111131,202887200,1
2020-04-08,64.2302474975586,64.54406918127975,63.061855141740836,63.426369510698045,168895200,1
2020-04-09,64.69371795654297,65.19584133375365,63.899505790640596,64.86511973614601,161834800,1
2020-04-13,65.9635009765625,66.07213548949194,64.17228391165321,64.77096719479518,131022800,1
2020-04-14,69.29487609863281,69.58456326372355,67.12224446160415,67.59298426311395,194994800,0
2020-04-15,68.66239929199219,69.12106449233013,67.7450688913163,68.17235045630129,131154400,1
2020-04-16,69.20797729492188,69.57249897577765,68.16028687860133,69.37454631683273,157125200,0
2020-04-17,68.2688980102539,69.27072829912615,66.83496081662895,68.72515410233876,215250000,0
2020-04-20,66.85187530517578,67.99854202997274,66.83256626499734,67.09811161151838,130015200,0
2020-04-21,64.78545379638672,66.92911797835283,64.07572694243713,66.69495629705587,180991600,1
2020-04-22,66.65149688720703,67.08602016909022,65.71002486509416,66.05039726124157,116862400,0
2020-04-23,66.39320373535156,68.01543553598502,66.35457829164004,66.59598178954948,124814400,1
2020-04-24,68.3099365234375,68.31959472449138,66.86875759043463,66.91704122865521,126161200,1
2020-04-27,68.35823059082031,68.68895219864656,67.58091104598891,68.02750161594408,117087600,0
2020-04-28,67.25018310546875,69.00035846269303,67.15845596472252,68.81930583953189,112004800,1
2020-04-29,69.45903015136719,69.92735352024151,68.53204161617626,68.73481966758834,137280800,1
2020-04-30,70.92435455322266,71.10058178322025,69.60870972779222,69.99736587702316,183064000,0
2020-05-01,69.78251647949219,72.17965163700352,69.00519685948858,69.1017567929507,240616800,1
2020-05-04,70.76983642578125,70.89777995985193,69.11863770856678,69.80663901583497,133568000,1
2020-05-05,71.83202362060547,72.66245223551824,71.08367131021836,71.2285148811078,147751200,1
2020-05-06,72.57312774658203,73.2031872790944,72.14825527383692,72.53208591439893,142333600,1
2020-05-07,73.32390594482422,73.66911859215423,72.89662434827942,73.19837876119128,115215200,1
2020-05-08,75.06913757324219,75.12239040799929,73.65552559886389,73.98230402182824,133838400,1
2020-05-11,76.2503662109375,76.74415709638575,74.36957888241814,74.57775171164975,145946400,0
2020-05-12,75.37897491455078,77.3832066763356,75.25794640867731,76.93297679324957,162301200,0
2020-05-13,74.46882629394531,76.4779036027934,73.39409274246334,75.55808267285332,200622400,1
2020-05-14,74.92633056640625,74.98684482021679,72.98745151047878,73.7087840752181,158929200,0
2020-05-15,74.48334503173828,74.52933644505968,72.66791783323735,72.70180935336562,166348400,1
2020-05-18,76.23827362060547,76.61104348348049,75.11513293810333,75.80499689236754,135178400,0
2020-05-19,75.79773712158203,77.0999976554672,75.76626852775506,76.25522103808397,101729600,1
2020-05-20,77.27183532714844,77.34202651721908,76.61585573751951,76.6545857322091,111504800,0
2020-05-21,76.69577026367188,77.67368271832201,76.45855171857032,77.13389289033314,102688800,1
2020-05-22,77.18953704833984,77.27183551713587,76.33265345783,76.43431323052285,81803200,0
2020-05-26,76.66670227050781,78.48454498542678,76.6110265113562,78.3054252019707,125522000,1
2020-05-27,77.00074005126953,77.1459757123096,75.7856167074525,76.52389490649263,112945200,1
2020-05-28,77.03460693359375,78.29088281123121,76.40041904979022,76.67636006921296,133560800,0
2020-05-29,76.95960235595703,77.73660324937043,76.60377827424547,77.27669643163954,153532400,1
2020-06-01,77.90603637695312,78.02706486056282,76.78288850329889,76.91360133395523,80791200,1
2020-06-02,78.2667007446289,78.29090791932163,77.19922860751555,77.63977407114822,87642800,1
2020-06-03,78.69757080078125,78.9589964979716,78.0149682866651,78.58622664893751,104491200,0
2020-06-04,78.0197982788086,78.81858326292213,77.64702850562604,78.52085794063949,87560400,1
2020-06-05,80.24188995361328,80.30240419943048,78.2400813612976,78.26912701737099,137250400,1
2020-06-08,80.71631622314453,80.75020774515244,79.23009024878114,79.93931540745123,95654400,1
2020-06-09,83.26519012451172,83.6573213064147,80.3653518160227,80.39682040985336,147712400,1
2020-06-10,85.40739440917969,85.8745626649843,83.77350959383725,84.2116321903992,166651600,0
2020-06-11,81.30693054199219,84.97651490391192,81.20527075656385,84.55291522831224,201662400,1
2020-06-12,82.0089111328125,84.18742419889422,80.90029328946143,83.44189186655679,200146000,1
2020-06-15,83.02312469482422,83.67425858934295,80.50331054070764,80.665491974399,138808800,1
2020-06-16,85.22342681884766,85.4945368687229,83.4418908130573,85.07335265810912,165428800,0
2020-06-17,85.10481262207031,86.02704912393895,84.98378413219785,85.96653487900272,114406400,1
2020-06-18,85.13871002197266,85.55504835135272,84.53114459703605,85.06125001022909,96820400,0
2020-06-19,84.65217590332031,86.3078449275457,83.54597361995395,85.84309961565448,264476000,1
2020-06-22,86.86698913574219,87.00980187063504,84.99830891368086,85.0443003318489,135445200,1
2020-06-23,88.72114562988281,90.13718045697547,87.68998051908838,88.1087417587427,212155600,0
2020-06-24,87.15502166748047,89.26818142371512,86.78225190963218,88.35078354810454,192623200,1
2020-06-25,88.31207275390625,88.35080275936323,86.55232106785238,87.30996064055707,137522400,0
2020-06-26,85.59861755371094,88.42826445687878,85.45095894340278,88.20799170182455,205256800,1
2020-06-29,87.57138061523438,87.66578639039905,85.02978213117639,85.5066347136651,130646000,1
2020-06-30,88.30237579345703,88.58800861953088,87.1405053436716,87.1598666501381,140223200,0
2020-07-01,88.13538360595703,88.92206897093759,88.08697663107799,88.37986357552768,110737200,0
2020-07-02,88.13538360595703,89.67487019220228,88.02162389084378,89.04068194142937,114041600,1
2020-07-06,90.49301147460938,90.96017971455592,89.52962194946613,89.56109054157537,118655600,0
2020-07-07,90.21219635009766,91.64759214853022,90.10085223248505,90.87059148435713,112424400,1
2020-07-08,92.31327819824219,92.34474679060094,91.10057024745561,91.1877146099101,117092000,1
2020-07-09,92.71023559570312,93.25727928434208,91.66454778966232,93.20402645939578,125642800,1
2020-07-10,92.8724136352539,92.93051232943125,91.69602034280251,92.30600122922262,90257200,0
2020-07-13,92.44398498535156,96.77922651804644,92.23097365442625,94.17469096863013,191649200,1
2020-07-14,93.97378540039062,94.16500509879575,90.89482027358295,91.82673375082925,170989200,1
2020-07-15,94.62008666992188,96.09421302015997,93.42432441242931,95.84489458759741,153198000,0
2020-07-16,93.45576477050781,94.31022548870118,92.8578838224014,93.49449476804814,110577600,0
2020-07-17,93.26698303222656,94.06092970486094,92.79496892260524,93.90601706451432,92186800,1
2020-07-20,95.23247528076172,95.37044953138843,93.01039399095433,93.35411815070974,90318000,0
2020-07-21,93.91812133789062,96.09663446170768,93.66880290920021,96.02159737840238,103433200,1
2020-07-22,94.18193054199219,94.8621099281947,93.53321973878694,93.62035668832587,89001600,0
2020-07-23,89.89512634277344,93.99314942038049,89.08665688068213,93.91568941051719,197004400,0
2020-07-24,89.67243194580078,90.01615612762265,86.31267968652797,88.09664593771886,185438800,1
2020-07-27,91.7977066040039,91.88968945823548,90.50996880574512,90.73265713883738,121214000,0
2020-07-28,90.28968811035156,91.5459645894224,90.28484224245163,91.36926031193099,103625600,1
2020-07-29,92.02037048339844,92.20433612820618,90.73504867705178,90.77135574195019,90329200,1
2020-07-30,93.13385009765625,93.23793283077006,90.7883172670131,91.1949712384762,158130000,1
2020-07-31,102.88390350341797,103.03397765297315,97.62157959922047,99.61613418906329,374336800,1
2020-08-03,105.47631072998047,108.09052270549662,104.4645145020522,104.7622398081077,308151200,1
2020-08-04,106.18073272705078,107.26998931138203,104.94381752005107,105.66515009521494,173071600,1
2020-08-05,106.56558227539062,106.8850992523654,105.43759589570149,105.90234853375506,121776800,1
2020-08-06,110.28357696533203,110.77737527223312,106.30900549573542,106.89720218347466,202428800,0
2020-08-07,107.77621459960938,110.26177241107233,106.98083639595373,109.80588355038324,198045600,1
2020-08-10,109.34269714355469,110.35874505613272,106.69709332777636,109.21902314455248,212403600,0
2020-08-11,106.09088134765625,109.10507306907006,105.83141158748525,108.60796447088038,187902400,1
2020-08-12,109.61670684814453,109.8737492325435,106.9856522603481,107.1796439994117,165598000,1
2020-08-13,111.55667114257812,112.55817011651827,110.50667052619417,110.99408465160128,210082000,0
2020-08-14,111.45724487304688,111.54696624880587,109.65066604650143,111.3820725095563,165565200,0
2020-08-17,111.16625213623047,112.60181637912858,110.54062239475888,112.57756555807367,119561600,1
2020-08-18,112.09255981445312,112.51692321018118,110.58425076333872,110.91889279659107,105633600,1
2020-08-19,112.23321533203125,113.64452867430332,112.13864675565405,112.49995954797271,145538000,1
2020-08-20,114.72364807128906,114.83762028422797,112.25748652761663,112.27446284451047,126907200,1
2020-08-21,120.6356201171875,121.11817961837231,115.6693525872738,115.6814742972318,338054800,1
2020-08-24,122.07845306396484,124.91805616382935,120.21610549023623,124.83317459173283,345937600,0
2020-08-25,121.07695007324219,121.42129395286675,119.35767277780953,120.95328347307442,211495600,1
2020-08-26,122.7234878540039,123.17937664467517,121.32672345710665,122.39127306939878,163022400,0
2020-08-27,121.25641632080078,123.65709978806709,120.11426694187719,123.32488497435537,155552400,0
2020-08-28,121.05999755859375,122.64589926041506,120.83690034715939,122.22881026536905,187630000,1
2020-08-31,125.16539001464844,127.06654483126823,122.21667670793738,123.74923681098468,225702700,1
2020-09-01,130.1510772705078,130.75247109042868,126.61067882372832,128.77371625173845,151948100,0
2020-09-02,127.45453643798828,133.8369650688364,123.18665813924054,133.4586759232684,200119000,0
2020-09-03,117.25040435791016,124.97139321089942,116.88181705951085,123.09935129507485,257599600,1
2020-09-04,117.3280258178711,119.98575186395645,107.56039029271544,116.46474975837279,332607200,0
2020-09-08,109.43241882324219,115.41715402612338,109.29662311428591,110.52848630276392,231366600,1
2020-09-09,113.79730224609375,115.56265389882519,111.79915900187885,113.7391061983007,176940500,0
2020-09-10,110.08230590820312,116.88182317054356,109.12203408038299,116.74602745349068,182274400,0
2020-09-11,108.63703155517578,111.77004920348398,106.69708456311906,111.12986314395623,180860300,1
2020-09-14,111.89616394042969,112.44904864015743,109.41303369608222,111.27538137934282,140150100,1
2020-09-15,112.07075500488281,115.26196916143692,110.1987055878256,114.7769823425134,184642000,0
2020-09-16,108.76314544677734,112.51694623083202,108.6758513682307,111.77006975767836,154679000,0
2020-09-17,107.0268783569336,108.83102975873638,105.44582412860575,106.42549948987329,178011000,0
2020-09-18,103.63197326660156,107.55066740012516,102.90449308489,107.08508422800398,287104900,1
2020-09-21,106.77469635009766,106.88139403880808,100.00427732246104,101.4010416835348,195713800,1
2020-09-22,108.4527587890625,109.47123415071694,105.88233436259476,109.29663858587081,183055400,0
2020-09-23,103.9035873413086,108.74375412227577,103.56409061974239,108.26846907252015,150718700,1
2020-09-24,104.9705581665039,106.93960365288808,101.84724157417912,102.01213533208141,167743300,1
2020-09-25,108.90864562988281,109.06384497371614,104.4370662899755,105.17424837255975,149981400,1
2020-09-28,111.5081558227539,111.85734688464554,109.39361323699265,111.55665745924858,137672400,0
2020-09-29,110.66429138183594,111.84766043177646,110.15990833447874,111.11048577797068,99382200,1
2020-09-30,112.3326416015625,113.73910777869786,110.2084044241761,110.37329816208843,142675200,1
2020-10-01,113.28321075439453,114.18528644364022,112.35203704296524,114.10768678427674,116120400,0
2020-10-02,109.62643432617188,111.90587864952262,108.85045973551675,109.5003403977725,144712000,1
2020-10-05,113.0019302368164,113.14742776439395,110.14051092914185,110.4897020352033,106243800,0
2020-10-06,109.76219940185547,112.63331993229768,108.87952000821461,112.22592545814258,161498200,1
2020-10-07,111.62457275390625,112.08046156708008,110.70309331868141,111.17838574960963,96849000,0
2020-10-08,111.51786804199219,112.90493061170089,111.1492733309645,112.7594330889432,83477200,1
2020-10-09,113.45783233642578,113.48693036528995,111.46938316049868,111.8185743074938,100506900,1
2020-10-12,120.66474151611328,121.42131989177481,115.69847302415036,116.4550513998119,240226800,0
2020-10-13,117.46379852294922,121.62498605023444,116.05733979847938,121.50858655705257,262330500,1
2020-10-14,117.55110931396484,119.33585728240598,116.02825097556021,117.36681195189107,150712000,0
2020-10-15,117.08551025390625,117.56079523723751,114.60238025084043,115.15526489684527,112559200,0
2020-10-16,115.44623565673828,117.9002746779859,115.24254212222715,117.63837770482155,115393800,0
2020-10-19,112.4975357055664,116.80421323996534,112.18714446524658,116.358026294525,120639300,1
2020-10-20,113.98161315917969,115.4074757022461,112.15805784138063,112.71094256212962,124423700,0
2020-10-21,113.36083221435547,115.14558032107824,112.95343762450592,113.16683302863848,89946000,0
2020-10-22,112.27445983886719,114.49570058030427,111.14928675399084,113.92341222842757,101988000,0
2020-10-23,111.58576965332031,113.05043193781697,110.84858760677534,112.89523260157101,82572600,1
2020-10-26,111.59547424316406,113.05043475532885,109.490625744662,110.58670073335905,111850700,1
2020-10-27,113.09890747070312,113.75848974001332,111.10076444910626,112.02223630461869,92276800,0
2020-10-28,107.86106872558594,111.96406058991157,107.76407283902445,111.59547326085323,143937800,1
2020-10-29,111.85736083984375,113.41901900582575,108.83104039265947,108.99594153712782,146129200,0
2020-10-30,105.59132385253906,108.62733847489969,104.48555457025763,107.72526275511105,190272600,0
2020-11-02,105.50401306152344,107.35666597624237,104.09755446367568,105.83380789569206,122866900,1
2020-11-03,107.12391662597656,108.1423847498122,105.46526219546139,106.36733819103772,107624400,1
2020-11-04,111.49846649169922,112.11924902667879,108.97653651830575,110.71279021468385,138235500,1
2020-11-05,115.45597839355469,116.02826677461476,113.36083886704176,114.40840493014188,126387100,0
2020-11-06,115.3248062133789,115.82034093796346,112.83738439067113,114.96529408792372,114457900,0
2020-11-09,113.02198791503906,118.53122507296646,112.7596464655049,117.08347300114552,154515300,0
2020-11-10,112.68191528320312,114.25597883957684,110.8940807658282,112.27382528066764,138023400,1
2020-11-11,116.10211181640625,116.23814181960135,113.13859256042241,113.86732789743012,112295000,0
2020-11-12,115.83003234863281,117.11260602974937,115.20817889191434,116.22841115754073,103162300,1
2020-11-13,115.8786392211914,116.27701069114,114.52805029862242,116.0535360017511,81581900,1
2020-11-16,116.8891372680664,117.55956865833653,114.80009473182567,115.54825966136949,91183000,0
2020-11-17,116.00494384765625,117.24865091924097,115.5871353083196,116.16041093814378,74271000,0
2020-11-18,114.68352508544922,116.42277457305377,114.65437685369791,115.24708227624227,76322100,1
2020-11-19,115.27619934082031,115.68428930116418,113.4980835539356,114.25596702688232,74113000,0
2020-11-20,114.01306915283203,115.40252482669361,113.96449124482857,115.27621337018954,73604300,0
2020-11-23,110.62202453613281,114.28513837643995,110.52486130551306,113.85761126601786,127959300,1
2020-11-24,111.90459442138672,112.56531474410036,109.39774313111327,110.68032441615657,113874200,1
2020-11-25,112.7402114868164,113.43979858279869,111.90459439029078,112.27382503154757,76499200,1
2020-11-27,113.28433990478516,114.15882383972767,112.92483519653295,113.26491022315516,46691300,1
2020-11-30,115.6745834350586,117.54014397849063,113.49808872130923,113.65355580646789,169410200,1
2020-12-01,119.24053955078125,119.9692749139944,116.60737666127397,117.57902381222483,127728200,1
2020-12-02,119.59033203125,119.87211059203429,117.46242241782213,118.56038101970898,89004200,0
2020-12-03,119.45428466796875,120.27046459048226,118.74497909552679,120.01783429457547,78967600,0
2020-12-04,118.78385925292969,119.3765645833526,118.07455360054387,119.12393425897255,78260400,1
2020-12-07,120.2413330078125,121.038083362331,118.7838623046875,118.84215876062711,86712000,1
2020-12-08,120.85346221923828,121.43645640289948,119.6000365852931,120.84375108576852,82225500,0
2020-12-09,118.3271713256836,122.37893756571138,117.56928784632052,120.99920059491815,115089200,1
2020-12-10,119.74578857421875,120.35793100204793,116.74340254220034,117.08347755039478,81312200,0
2020-12-11,118.93931579589844,119.2793907717679,117.13205173775964,118.95874547462877,86939800,0
2020-12-14,118.3271713256836,119.85265683014165,118.09397811966689,119.12392157489586,79184500,1
2020-12-15,124.25422668457031,124.27366377761385,120.61055011219938,120.81459511068267,157243700,0
2020-12-16,124.18621826171875,124.73033828648967,122.97165933994127,123.79756533721344,98208600,1
2020-12-17,125.05097198486328,125.90602613060179,124.40968137555939,125.24529842903367,94359800,0
2020-12-18,123.06883239746094,125.43965383144652,122.54414204339464,125.3036238225863,192541500,1
2020-12-21,124.59430694580078,124.672040495101,119.94983486476208,121.47532055765235,121251600,1
2020-12-22,128.14085388183594,130.59912042639044,125.97406967366213,127.87850495293172,168904800,0
2020-12-23,127.24688720703125,128.6751945398209,127.07198305177502,128.41286054616967,88223700,1
2020-12-24,128.228271484375,129.67603102914552,127.3829432351903,127.59670678746939,54930100,1
2020-12-28,132.81443786621094,133.44600251933943,129.72459253226933,130.19099379190865,124486200,0
2020-12-29,131.04605102539062,134.8549062093824,130.53107920371312,134.13589678161503,121047300,0
2020-12-30,129.92864990234375,132.13429294527648,129.61771571736733,131.7359140805847,96452100,0
2020-12-31,128.92784118652344,130.9197204767935,127.98534242224186,130.27842990655225,99116600,0
2021-01-04,125.74085998535156,129.82177500940742,123.16599358092327,129.73433032505793,143301900,1
2021-01-05,127.29547119140625,128.0047841932833,124.78862009202955,125.2355842462787,97664900,0
2021-01-06,123.01051330566406,127.3343470647896,122.79674977159817,124.09876065496377,155088000,1
2021-01-07,127.20804595947266,127.89792197499627,124.2348079857969,124.72063157172194,109578200,1
2021-01-08,128.30596923828125,128.86952618923627,126.53756485844092,128.67518495872093,105158200,0
2021-01-11,125.32302856445312,126.47929089114106,124.85664214589357,125.5270809622862,100384500,0
2021-01-12,125.14814758300781,126.01291289609365,123.26314986487158,124.85665049211372,91951100,1
2021-01-13,127.17887115478516,127.72299108513502,124.84692436009828,125.10925836684517,88636800,0
2021-01-14,125.25501251220703,127.28575108963446,125.10925657328106,127.0914246638891,90221800,0
2021-01-15,123.53518676757812,126.52786101069914,123.39915679407967,125.12868709691216,111598500,1
2021-01-19,124.20563507080078,125.06068915645737,123.34086985277312,124.15704975663279,90757300,1
2021-01-20,128.28652954101562,128.73349360549489,124.90520273020637,125.01208447435442,104319500,1
2021-01-21,132.98931884765625,135.70993338633443,129.80231790485385,130.00637029637122,120150900,1
2021-01-22,135.12696838378906,135.88485193048166,131.19179469063414,132.4160646907934,114459400,1
2021-01-25,138.86782836914062,140.97630120112478,132.66871393860882,139.013584357772,157611700,1
2021-01-26,139.1009979248047,140.20867499016745,137.36174136904043,139.52852500725305,98390600,0
2021-01-27,138.03221130371094,140.20870656534407,136.42899920964183,139.363363343346,140843800,0
2021-01-28,133.20306396484375,137.96414245615455,132.82412228395296,135.56417353512813,142621100,0
2021-01-29,128.2185821533203,132.86305498594893,126.51819940588042,131.97885239900157,177523800,1
2021-02-01,130.3367462158203,131.5415940017464,127.21775238608966,129.95780442586786,106239800,1
2021-02-02,131.1626739501953,132.44524067254102,130.79344323298977,131.88168346118144,83305400,0
2021-02-03,130.14244079589844,131.9205571212181,129.82179541007085,131.91083115954507,89880900,1
2021-02-04,133.49459838867188,133.5043095225396,130.7739834636992,132.43550657690793,84183100,0
2021-02-05,133.08102416992188,133.7232731231055,132.20524094162676,133.65516390896917,75693800,1
2021-02-08,133.22698974609375,133.27564766652046,131.29051736028654,132.37065786118401,71297200,0
2021-02-09,132.35121154785156,134.1709170758531,132.1955269668042,132.9448026300194,76774200,0
2021-02-10,131.74783325195312,133.30479712135545,130.7844601873258,132.80850727822565,73046600,0
2021-02-11,131.49488830566406,132.72098784651604,130.17147291387968,132.24416393424985,64280000,1
2021-02-12,131.72840881347656,131.88410821935858,130.0936095966532,130.73585850968206,60145100,0
2021-02-16,129.6070556640625,132.35118706954955,129.2178071626484,131.84518629017936,80576300,0
2021-02-17,127.32028198242188,128.6631634845205,125.98714097419074,127.71925617483,97918500,0
2021-02-18,126.22068786621094,126.50288006540657,123.98255701846796,125.7243978338029,96856700,1
2021-02-19,126.3763427734375,127.19375709134722,125.33513472608534,126.73639944443335,87668800,0
2021-02-22,122.6104736328125,126.23040308983671,122.22123254914695,124.56639727156255,103916400,0
2021-02-23,122.4742431640625,123.30137584564321,115.20519230196524,120.43073670834654,158273000,0
2021-02-24,121.97796630859375,122.1823162213377,118.94190197736167,121.57899955251936,111039900,0
2021-02-25,117.7352523803711,123.05810538980377,117.29736077604736,121.32599026278942,148199500,1
2021-02-26,117.99798583984375,121.49140765726709,117.93959485190196,119.29220185674814,164560400,1
2021-03-01,124.35232543945312,124.48855870917815,119.48683030882653,120.42100448300808,116307900,0
2021-03-02,121.754150390625,125.25730532990295,121.64710890595583,124.95564701355688,102260900,0
2021-03-03,118.77647399902344,122.32828720569532,118.56239100874602,121.45249652917722,112966300,0
2021-03-04,116.89838409423828,120.27503892466773,115.42900990064756,118.47480719948628,178155000,1
2021-03-05,118.15367889404297,118.65969453198089,114.40724922583529,117.72552038212189,153766600,0
2021-03-08,113.22980499267578,117.74498394850409,113.08383865170997,117.67686731260757,154376600,1
2021-03-09,117.83256530761719,118.77647261328785,115.59444185391254,115.8279835568737,129525800,0
2021-03-10,116.75242614746094,118.88350799775948,116.23667741969722,118.41642461584055,111943300,1
2021-03-11,118.67916870117188,119.89554261056912,117.99800228157227,119.24356797692991,103026500,0
2021-03-12,117.77418518066406,117.91041846338683,115.95449457965704,117.16113540841165,88105100,1
2021-03-15,120.65454864501953,120.6642817142442,117.18058534747087,118.14395874848536,92403800,1
2021-03-16,122.19204711914062,123.79766203262986,121.36491441345117,122.31854732264155,115227900,0
2021-03-17,121.40382385253906,122.47423118424491,119.04891881379946,120.71292450730932,111932600,0
2021-03-18,117.28762817382812,119.86634216018179,117.08327826271949,119.57440947336566,121229700,0
2021-03-19,116.76215362548828,118.16341864155612,116.46049529392347,116.67457827406234,185549500,1
2021-03-22,120.0706787109375,120.53776947303844,117.02488167357409,117.09299830303091,111912300,0
2021-03-23,119.24354553222656,120.89781076796868,118.8543044696532,120.01229458916613,95467100,0
2021-03-24,116.85945892333984,119.59387224546333,116.84000020937296,119.51602254128295,88530500,1
2021-03-25,117.34601593017578,118.38723908571315,115.79879193762964,116.32426633816141,98844700,1
2021-03-26,117.94933319091797,118.21207408800578,115.72093550893463,117.11246742653448,94071200,1
2021-03-29,118.12451171875,119.2825021466437,117.48227010500301,118.37751959042377,80819200,0
2021-03-30,116.67457580566406,117.16112532326552,115.66255191815422,116.8789257121579,85671900,1
2021-03-31,118.86405181884766,120.19719278132602,117.89095275757859,118.37750228821312,118323800,1
2021-04-01,119.69119262695312,120.83944989383653,119.19490999339443,120.33344161440051,75089100,1
2021-04-05,122.51315307617188,122.76616086910339,119.75928140554619,120.53776349572522,88651200,1
2021-04-06,122.81482696533203,123.71007628588559,122.26989388745704,123.09702657327624,80171300,1
2021-04-07,124.45938110351562,124.47883981962588,121.77362540670963,122.44506618695044,83466700,1
2021-04-08,126.85319519042969,126.88238697462579,125.0626964676061,125.48112193995918,88844600,1
2021-04-09,129.4221954345703,129.46111286986317,125.98715639774359,126.3082809200934,106686700,0
2021-04-12,127.70954895019531,129.2762393125197,127.11595782289686,128.95511478316322,91420000,1
2021-04-13,130.81369018554688,131.0375136441806,128.38094270892825,128.87723269707828,91266500,0
2021-04-14,128.47824096679688,131.36834576141277,128.11819914098413,131.3099622056929,87222800,1
2021-04-15,130.88182067871094,131.36837019796266,130.04495491166549,130.22012045971883,89347100,0
2021-04-16,130.5509796142578,131.04725481288563,129.69464764958488,130.68721289515452,84922400,1
2021-04-19,131.21266174316406,131.82571884662076,129.75301328602865,129.91843832937323,94264200,0
2021-04-20,129.52923583984375,131.8841341353887,128.264203903013,131.3878588859704,94812300,1
2021-04-21,129.90872192382812,130.15199668398512,127.76790700410929,128.7993896114448,68847100,0
2021-04-22,128.3907012939453,130.54124205126504,127.87495994409139,129.46110142550572,84566500,1
2021-04-23,130.70664978027344,131.4851170121257,128.60475261832673,128.60475261832673,78657500,1
2021-04-26,131.0959014892578,131.426751593288,129.9671030596472,131.20294297565732,66905100,0
2021-04-27,130.77476501464844,131.7673300838562,130.5022985012677,131.3780816016613,66015800,0
2021-04-28,129.98654174804688,131.3878064201636,129.4999923395791,130.69689972688315,107760100,0
2021-04-29,129.8892364501953,133.38267277073504,128.88694577541443,132.79880749394718,151101000,0
2021-04-30,127.9236068725586,129.96710595621136,127.54409883928643,128.23499084555246,109839500,1
2021-05-03,128.9745330810547,130.46338819019584,128.28364111599663,128.48798358801744,75135100,0
2021-05-04,124.41069793701172,127.95278490720769,123.2916326716947,127.66085225567952,137564700,1
2021-05-05,124.65400695800781,126.94078104975206,124.52749931714487,125.72440711319194,84000900,1
2021-05-06,126.24987030029297,126.25959594495404,123.71007387822482,124.44963120105919,78128300,1
2021-05-07,126.9224624633789,127.9459401484153,126.21088280565189,127.54630313860244,78973300,0
2021-05-10,123.64727783203125,126.26935540308767,123.60828686336556,126.14264776926625,88071200,0
2021-05-11,122.73100280761719,123.08190661407825,119.67027531129933,120.381847398056,126142800,0
2021-05-12,119.67029571533203,121.49308457084182,119.16342796467423,120.28439421406758,112172300,1
2021-05-13,121.81473541259766,122.96494285084451,121.12266251691543,121.43458279999426,105861300,1
2021-05-14,124.23212432861328,124.66101753625983,122.67252280548946,123.06242504546209,81918000,0
2021-05-17,123.08192443847656,123.72526428981506,122.00969878967952,123.61804098125864,74244600,0
2021-05-18,121.69776916503906,123.78373756646234,121.62953683178752,123.36459396598383,63342900,0
2021-05-19,121.54182434082031,121.76601312715728,119.75802646818856,120.05045503106065,92612000,1
2021-05-20,124.09566497802734,124.49531683623646,121.94146411990351,122.06818662946591,76857100,0
2021-05-21,122.26313018798828,124.76824225453443,122.04868358173061,124.59278661639331,79295400,1
2021-05-24,123.89096069335938,124.70975612799803,122.76025239580743,122.82848472896345,63092900,0
2021-05-25,123.6960220336914,125.08017543327662,123.1306641265909,124.59279202902988,72009500,0
2021-05-26,123.64727783203125,124.17364475386753,123.22813421483384,123.75450113667013,56575900,0
2021-05-27,122.11691284179688,124.41732784538095,121.92196544288971,123.24762857840483,94625600,0
2021-05-28,121.4638442993164,122.62380153028337,121.405361560534,122.39960530367183,71311100,0
2021-06-01,121.14215850830078,122.1851426884376,120.81074644955004,121.92196296159237,67637100,1
2021-06-02,121.9024658203125,122.07792145343016,120.9179717914318,121.14216055572481,59278900,0
2021-06-03,120.42086029052734,121.69778300232346,120.02120840977952,121.5320769508381,76229200,1
2021-06-04,122.71153259277344,122.97471980574441,120.72303755703825,120.93748419375007,75169300,1
2021-06-07,122.72125244140625,123.13064641036082,121.67826831853665,122.98443215380105,71057600,1
2021-06-08,123.54004669189453,125.21662849111421,123.0234294041827,123.40358202860334,74403800,1
2021-06-09,123.92021179199219,124.52456067367201,123.32561251203367,123.99819373222839,56877900,0
2021-06-10,122.92595672607422,124.95344236430199,122.7602506959565,123.81297704481983,71186400,1
2021-06-11,124.1346664428711,124.22239799050632,122.91622643570359,123.33537009563992,53522400,1
2021-06-14,127.18562316894531,127.24410590291394,123.8617230721818,124.59278699385679,96906500,0
2021-06-15,126.36687469482422,127.30264335178651,126.12318664466655,126.65930332972108,62746300,1
2021-06-16,126.86396026611328,127.58528206314801,125.21664196538165,127.07840688486591,91815000,1
2021-06-17,128.46253967285156,129.20336059736883,126.37657131032402,126.52279301183641,96721700,0
2021-06-18,127.16613006591797,128.1896075868194,126.95168347380675,127.40981802299594,108953300,1
2021-06-21,128.95970153808594,129.06692486047993,125.94772121838587,127.01019740258512,79663300,1
2021-06-22,130.59725952148438,130.69474066397615,128.29684436989922,128.7939773736595,74783600,0
2021-06-23,130.3243408203125,130.92869718078555,129.86620618552573,130.3925806003398,60214200,0
2021-06-24,130.0416717529297,131.240612583958,129.57378007008424,131.0554073186903,68711000,0
2021-06-25,129.74925231933594,130.50955776565635,129.45682371531962,130.0904215029444,70783700,1
2021-06-28,131.3770751953125,131.8352098315601,129.98318695524438,130.04166969629122,62111300,1
2021-06-29,132.88795471191406,133.0439186165466,130.95794973108042,131.39658519851488,64556100,1
2021-06-30,133.5020294189453,133.9406648079474,132.43953852296474,132.73196707347742,63261400,1
2021-07-01,133.80416870117188,133.86265142282898,132.33228412965926,133.1510868534501,52485800,1
2021-07-02,136.42628479003906,136.46526832234767,134.27207651002422,134.41828334809892,78852600,1
2021-07-06,138.4342803955078,139.53574001915328,136.53351700878477,136.53351700878477,108181800,1
2021-07-07,140.91990661621094,141.2318195282519,139.0581266890823,139.91589835234652,104911600,0
2021-07-08,139.62347412109375,140.42276298269945,137.11835448019005,138.0053823208354,105575500,1
2021-07-09,141.4462432861328,141.97260274724476,139.04834716131978,139.1458282969305,99890800,0
2021-07-12,140.8516387939453,142.62569425576672,140.36426288116348,142.51847096001342,76299700,1
2021-07-13,141.96286010742188,143.7369156295679,140.00361422588887,140.39350901995923,100827100,1
2021-07-14,145.3842315673828,145.79364043052715,143.95134516697595,144.3607540301203,127050800,0
2021-07-15,144.7311553955078,146.21278242197315,143.37625087333885,145.47197634550716,106820300,0
2021-07-16,142.6939239501953,145.97883295333372,142.19680585690423,144.71166743629377,93251400,0
2021-07-19,138.8534393310547,140.43254791143656,138.09313385194156,140.1206200874223,121434600,1
2021-07-20,142.45997619628906,143.3860023478585,139.35053030452949,139.83790622702588,96350000,0
2021-07-21,141.72886657714844,142.4404459033127,140.97831860764668,141.85558903563512,74993500,1
2021-07-22,143.09359741210938,144.4582442706814,142.12858757198936,142.2553100922622,77338200,1
2021-07-23,144.80914306640625,144.9651069434816,143.2105505102186,143.82464898024415,71447400,1
2021-07-26,145.22828674316406,146.04707474588002,143.97084849928373,144.5264642055409,72434100,0
2021-07-27,143.06434631347656,145.4427434254304,141.87514775749966,145.35500444699645,104818600,0
2021-07-28,141.3195343017578,143.25929604709813,138.94113715127986,141.15382825419624,118931200,1
2021-07-29,141.96286010742188,142.8498878684949,140.92962551695572,141.03684881635502,56699500,1
2021-07-30,142.1772918701172,142.63542638578699,140.4714762953773,140.73466343435456,70440600,0
2021-08-02,141.84591674804688,143.2398049839172,141.58272954059322,142.66470486730785,62880000,1
2021-08-03,143.63941955566406,144.30224361135603,141.51445299043982,142.12855135709023,64786600,0
2021-08-04,143.2397918701172,144.058579914417,142.58670986762564,143.5517196242508,56368300,1
2021-08-05,143.3470001220703,144.10730535100612,142.47947159810346,143.2690181917266,46397700,0
2021-08-06,142.6636962890625,143.6106236198985,142.16583326910765,142.8687074712915,54126800,0
2021-08-09,142.61488342285156,143.21037365568,142.05845003246944,142.72226739584752,48908700,0
2021-08-10,142.1365509033203,144.19635994581478,141.84368416396723,142.95656585685202,69023100,1
2021-08-11,142.3903045654297,143.22984760890972,142.06815276895088,142.57578725696132,48493500,1
2021-08-12,145.34823608398438,145.5044336133679,142.37078584930737,142.71246608285676,72282600,1
2021-08-13,145.5532684326172,145.88517705910473,144.7430103885552,145.42635605950554,59375000,1
2021-08-16,147.52523803710938,147.59358006664493,142.9858555687735,145.00660783223563,103296000,0
2021-08-17,146.61732482910156,148.07187159409528,145.5434853619502,146.65636676617194,92229700,0
2021-08-18,142.87844848632812,147.13473517673972,142.67343732669485,146.2366215497856,86326000,1
2021-08-19,143.21035766601562,144.4794367790495,141.06269334170713,141.5800847276963,86960300,1
2021-08-20,144.66490173339844,144.9675251601663,143.28843882859866,143.9327425154178,60549600,1
2021-08-23,146.14874267578125,146.6173203855108,144.3720292286724,144.78203658666285,60131800,0
2021-08-24,146.06085205078125,147.2713604372929,145.60203116452846,145.89489777853456,48606400,0
2021-08-25,144.83091735839844,146.7443008123629,144.28424062750108,146.2464228000056,58991300,0
2021-08-26,144.03038024902344,145.5727977281921,144.00109506679658,144.82112485660906,48597200,1
2021-08-27,145.06517028808594,145.2115961914639,143.33727014912955,143.97180225819312,55802400,1
2021-08-30,149.47760009765625,149.8388087234133,145.07488865020937,145.45561079403902,90956700,0
2021-08-31,148.21829223632812,149.1652192116683,147.69112933468762,149.0285501067643,86453100,1
2021-09-01,148.8821258544922,151.293371319359,148.71617155840954,149.1945209265185,80313700,1
2021-09-02,149.9950408935547,151.03959539227287,148.7747752992504,150.20980882981786,71115500,1
2021-09-03,150.6295928955078,150.95174481050074,149.4483692072004,150.10242979976638,57808700,1
2021-09-07,152.96270751953125,153.51914078415754,150.71741625258127,151.2836211735212,82278300,0
2021-09-08,151.4202880859375,153.30437064554417,150.31716343749,153.24580029178898,74420200,0
2021-09-09,150.40504455566406,152.39651120399355,150.28788894400816,151.79126431107525,57305700,0
2021-09-10,145.42636108398438,151.7814983871202,145.1627795675759,151.31292061025323,140893200,1
2021-09-13,145.99256896972656,147.818081410703,145.21159606216116,147.04688016056696,102404300,0
2021-09-14,144.59658813476562,147.47642687466802,143.4153793726529,146.77355269563384,109296300,1
2021-09-15,145.4849090576172,145.88515965134906,142.88818092204215,145.02608811276684,83281300,0
2021-09-16,145.25064086914062,145.42636685232276,143.71799510025087,144.90897545621797,68034100,0
2021-09-17,142.58560180664062,145.27995796165817,142.29273506424897,145.27995796165817,129868800,0
2021-09-20,139.53977966308594,141.39457695669392,137.90950701335717,140.37932278347847,123478900,1
2021-09-21,140.01812744140625,141.16030897663776,139.38359538478255,140.5062336067531,75834000,1
2021-09-22,142.3805389404297,142.94672884294354,140.2816740145179,141.0138330802469,76404300,1
2021-09-23,143.3372344970703,143.58128753921014,142.17553963315416,143.16150856090553,64838200,1
2021-09-24,143.42514038085938,143.96206024126909,142.097490769583,142.19511797904687,53477900,0
2021-09-27,141.91197204589844,142.48794860245857,140.39885495340664,142.00959923062172,74150700,0
2021-09-28,138.5343017578125,141.30674132874793,138.31953384357482,139.8424227657557,108972300,1
2021-09-29,139.4324188232422,141.013878143942,138.65144592439347,139.08098176355122,74602000,0
2021-09-30,138.13404846191406,140.9455448156453,137.9192805517919,140.2426707272125,89056700,1
2021-10-01,139.25669860839844,139.52028013802934,135.80091312494108,138.52453927839463,94639600,0
2021-10-04,135.83018493652344,138.82716398233575,134.98088496397907,138.38785651091933,98322000,1
2021-10-05,137.75335693359375,138.85648190904183,136.044984928838,136.17189733013998,80861100,1
2021-10-06,138.62217712402344,138.7686030429388,135.07852092806354,136.15236065284557,83221100,1
2021-10-07,139.8814239501953,140.7893089405512,139.3249908042086,139.65689934011746,61732700,0
2021-10-08,139.50071716308594,140.7502675851044,139.16880859069704,140.60384171370225,58773200,0
2021-10-11,139.41290283203125,141.3653278052875,138.43669034540312,138.88575464341304,64452200,0
2021-10-12,138.14381408691406,139.84242905892054,137.68499305819657,139.82290063970592,73035900,0
2021-10-13,137.55809020996094,138.03642474342516,135.88876048394778,137.88024208325538,78762700,1
2021-10-14,140.34027099609375,140.45742659800283,138.14379338196727,138.7295267040612,69907100,1
2021-10-15,141.3946075439453,141.45317790755652,140.09624319922384,140.35006796929892,67940300,1
2021-10-18,143.06393432617188,143.347029376178,139.75457479053856,140.03766984054468,85589200,1
2021-10-19,145.22134399414062,145.62159463310732,143.06392303976392,143.51297237963328,76378900,1
2021-10-20,145.70947265625,146.1878221446277,144.59659100003023,145.16279603857302,58418800,1
2021-10-21,145.9242401123047,146.0804376870695,144.35253739380764,145.27017952577518,61421000,0
2021-10-22,145.15306091308594,146.60760822426354,145.10424730155546,146.12927356040422,58883400,0
2021-10-25,145.10418701171875,145.8168177773373,144.10844635434742,145.14322894722775,50720600,1
2021-10-26,145.76805114746094,147.25188335627817,145.46541277347194,145.77780790953028,60893400,0
2021-10-27,145.3092498779297,146.1683068273683,144.95781274994326,145.80711293598463,56094900,1
2021-10-28,148.9407196044922,149.52643805425132,146.1585085567286,146.256135746264,100077900,0
2021-10-29,146.23660278320312,146.37327190681347,142.92724374395107,143.7179733088264,124953200,0
2021-11-01,145.41661071777344,146.13899838558393,144.2842007193759,145.44589589912687,74588300,1
2021-11-02,146.4513702392578,147.96450225059075,145.11394928812004,145.12372094423125,69122000,1
2021-11-03,147.8863983154297,148.35497602206758,146.25612565424197,146.8125588879088,54511500,0
2021-11-04,147.36900329589844,148.80402155525002,147.05660823548425,147.97425010568048,60394600,1
2021-11-05,147.8969268798828,148.79635114627666,146.7042085245969,148.49328605752575,65463900,0
2021-11-08,147.07571411132812,148.18044870579655,146.80197694204415,148.02402320404659,55020900,1
2021-11-09,147.4374237060547,148.04355383183062,146.7041960051751,146.84106457930375,56787900,0
2021-11-10,144.61207580566406,146.7726603269792,144.54364896685252,146.66511965093986,65187100,0
2021-11-11,144.56320190429688,146.0883134852804,144.37744845730748,145.62883774477925,41000000,1
2021-11-12,146.63580322265625,147.03662312152338,144.18192440007093,145.11067671997742,63804000,1
2021-11-15,146.6455535888672,148.48351596746593,146.08829332480207,147.00727451410145,59222800,1
2021-11-16,147.62319946289062,148.102247003654,146.00031832566742,146.58690654221206,59256200,1
2021-11-17,150.05755615234375,151.53378312081145,147.61346287620162,147.62323387898405,88807000,1
2021-11-18,154.33956909179688,155.12168178008048,149.627365877677,150.2726099643279,137827700,1
2021-11-19,156.95965576171875,157.41914644005507,153.02955003283444,154.12449892543512,117305600,1
2021-11-22,157.4191131591797,161.9944471367291,157.39955624235793,158.06434223873075,117467900,1
2021-11-23,157.80039978027344,158.18167763297342,155.5029467463392,157.51687668201387,96041900,1
2021-11-24,158.3185272216797,158.51405162465102,156.06995929361992,157.15513688529995,69463600,0
2021-11-26,153.30328369140625,156.8618824271744,152.8633499442556,156.00157185337474,76959800,1
2021-11-29,156.6565704345703,157.58532267329434,155.2389847402696,155.8060160344783,88748200,1
2021-11-30,161.6033935546875,161.81847488073362,156.3437019010155,156.41214364910118,174048100,0
2021-12-01,161.08523559570312,166.4915664393558,160.85059737024878,163.7346232310991,152052500,0
2021-12-02,160.09783935546875,160.52800204808736,154.27113083970096,155.19011206164845,136739200,0
2021-12-03,158.22079467773438,161.271032766341,156.14820866843903,160.3520514474846,118023100,1
2021-12-06,161.6229705810547,164.12571914002814,160.6062196554979,160.61599065605895,107497000,1
2021-12-07,167.3519287109375,167.74299254141582,164.57544264356054,165.2988995417756,120405400,1
2021-12-08,171.16470336914062,172.02502878126478,166.88264814477856,168.2806769394803,116998900,0
2021-12-09,170.6563262939453,172.79735388590385,170.03063915946248,170.9985052389604,108923700,1
2021-12-10,175.4369659423828,175.61294836881706,170.78341894665584,171.29179439045112,115402700,0
2021-12-13,171.8099365234375,178.0570365302883,171.6046261840087,177.06961358561998,153237000,0
2021-12-14,170.43150329589844,173.76524989300478,168.35891710300444,171.3309277742781,139380400,1
2021-12-15,175.29034423828125,175.4858686850592,168.45665517933287,171.19404218690133,131063300,0
2021-12-16,168.40777587890625,177.08919884301145,166.9315491019716,175.27079308478832,150185800,0
2021-12-17,167.3127899169922,169.59068583995455,165.89521929851176,166.12984262332955,195432700,0
2021-12-20,165.9539031982422,166.76534380811088,163.71512072913166,164.51677542044033,107499100,1
2021-12-21,169.1214141845703,169.3267095815399,165.33794920445052,167.72338564818043,91185900,1
2021-12-22,171.71218872070312,171.92727008747283,168.30022969109157,169.1703261593658,92135300,1
2021-12-23,172.33782958984375,172.89508977696892,171.350421702329,171.91745288802377,68356600,1
2021-12-27,176.2972869873047,176.38527073958,173.11019564746687,173.12973764737882,74919600,0
2021-12-28,175.28054809570312,177.2749361221624,174.5375492742612,176.1311025117923,79144300,1
2021-12-29,175.3685302734375,176.59057652650236,174.1562550200767,175.31964543980357,62348900,0
2021-12-30,174.21490478515625,176.53191454419968,174.10736412193012,175.4565079119385,59773000,0
2021-12-31,173.59902954101562,175.2218958133562,173.29594950484335,174.1073900997929,64062300,1
2022-01-03,177.93971252441406,178.79026689432098,173.73588518068755,173.85319685203027,104487900,0
2022-01-04,175.681396484375,178.8489462858369,175.1143651356069,178.5458811499138,99310400,0
2022-01-05,171.00830078125,176.1408961877194,170.73456355297643,175.59342173117227,94537600,0
2022-01-06,168.15357971191406,171.3797850968752,167.80162976232634,168.83792269234627,96904000,1
2022-01-07,168.31971740722656,170.2456629975568,167.20521210926086,169.023617060421,86709100,1
2022-01-10,168.33937072753906,168.6424359067065,164.40926456601338,165.29891809796788,106765600,1
2022-01-11,171.16470336914062,171.26245812752686,166.99997473942338,168.46643037323963,76138300,1
2022-01-12,171.6046600341797,173.2177554801649,170.91054596180936,172.18146241376857,74805200,0
2022-01-13,168.33937072753906,172.6702968486557,167.94830685316055,171.849085088803,84505800,1
2022-01-14,169.1996307373047,169.89374460419103,167.2638988741002,167.50830810674722,80440800,0
2022-01-18,166.00274658203125,168.68146210817613,165.62146879237642,167.67449730684277,90956700,0
2022-01-19,162.51260375976562,167.25414945182573,162.22909557704548,166.19829964047344,94815000,0
2022-01-20,160.8310546875,165.8854360990158,160.50843269303434,163.24581922868165,91420500,0
2022-01-21,158.7779998779297,162.61033443094894,158.67045923078265,160.7430445202844,122848900,0
2022-01-24,158.00570678710938,158.67050778679211,151.24045969712583,156.44149634340394,162294600,0
2022-01-25,156.20684814453125,159.1202024043847,153.5085752311325,155.4247355135648,115798400,0
2022-01-26,156.11886596679688,160.7137572085088,154.29068942101793,159.84366081362626,108275300,0
2022-01-27,155.65936279296875,160.17604091465265,154.7403816352541,158.817126094803,121954600,1
2022-01-28,166.52090454101562,166.5404614570555,159.15929945417386,162.00422657695262,179935700,1
2022-01-31,170.87142944335938,171.08651082179728,165.71927719769477,166.3547503312831,115541600,0
2022-02-01,170.70521545410156,170.93006781127377,168.45664712970438,170.1186272242385,86213900,1
2022-02-02,171.90768432617188,171.94679815950911,169.45382085751916,170.8420635898593,84914300,0
2022-02-03,169.033447265625,172.29876649074853,168.27089152715305,170.57811566132818,89418100,0
2022-02-04,168.74957275390625,170.42346859121156,167.0756769166009,168.05455952783922,82465400,0
2022-02-07,168.03501892089844,170.27665387927516,167.3400055860888,169.20967525085985,77251200,1
2022-02-08,171.13804626464844,171.64706939744136,167.80983647215697,168.1035042386361,74829200,1
2022-02-09,172.55740356445312,172.91958530484067,171.20654095307694,172.3322647747442,71285000,0
2022-02-10,168.4852752685547,171.7743215374217,167.92731993059743,170.4626223841964,90865900,0
2022-02-11,165.07875061035156,169.4249914689082,164.4914151129285,168.69082956541044,98670700,1
2022-02-14,165.3136749267578,165.99888966269845,163.04266044585623,163.8355528500562,86185500,1
2022-02-15,169.14112854003906,169.29775335068365,166.65477315145358,167.35956986279012,62527400,0
2022-02-16,168.9062042236328,169.67951494494773,166.45899759893967,168.2209893560315,61177400,0
2022-02-17,165.3136749267578,168.27968759105596,164.91232953264935,167.41826624498145,69589300,0
2022-02-18,163.76710510253906,166.93867600251053,162.68054453288332,166.23389408651346,82772700,0
2022-02-22,160.85003662109375,163.16998418925112,158.72584769849567,161.49608794845346,91162800,0
2022-02-23,156.68972778320312,162.64132019491717,156.37647821597528,162.0442012768804,90009200,1
2022-02-24,159.30337524414062,159.4110529381091,148.7901697172211,149.3579234730035,141147500,1
2022-02-25,161.3688201904297,161.6331077669388,157.47285626304333,160.38013909716133,91974200,1
2022-02-28,161.63308715820312,161.92675492011216,158.99989062280463,159.61659142915732,95056600,0
2022-03-01,159.75364685058594,163.0818568508139,158.5496253630897,161.22197083806662,83474400,1
2022-03-02,163.04270935058594,163.82581854222389,159.5089420061074,160.9185355637426,79724800,0
2022-03-03,162.7196502685547,165.3430634011942,162.05401727070716,164.91235266773373,76678400,0
2022-03-04,159.7242889404297,162.0540345545001,158.67689221468046,161.01642127862274,83737200,0
2022-03-07,155.93601989746094,161.5352302369313,155.68150083148916,159.91028134097652,96418800,0
2022-03-08,154.11529541015625,159.44041971330986,152.50992837199067,155.4661583222758,131148300,1
2022-03-09,159.50892639160156,159.95921898709753,156.04368834876885,158.06996768709067,91454900,0
2022-03-10,155.1724853515625,157.0029911685478,152.6861150001443,156.81700107101284,105342000,0
2022-03-11,151.4624786376953,155.9163968116597,151.23733985445327,155.5737819765236,96970100,0
2022-03-14,147.43930053710938,150.86538982544317,146.9302923114544,148.25177493215907,108732100,1
2022-03-15,151.81491088867188,152.28478532825997,147.20438184151632,147.713390079557,92964300,1
2022-03-16,156.21987915039062,156.6212246232631,151.19822129277074,153.73352378158447,102300200,1
2022-03-17,157.2281036376953,157.6000837703935,154.30125449850178,155.26055517399735,75615400,1
2022-03-18,160.51715087890625,161.00659213717293,156.38626546421042,157.12042735161046,123511700,1
2022-03-21,161.8876190185547,162.83713639325782,159.56765695852218,160.05709828830467,95811400,1
2022-03-22,165.25498962402344,165.84231029999864,161.42755456550663,162.01487524148183,81532000,1
2022-03-23,166.6156005859375,168.9942779440516,164.1096487837443,164.44248019289995,98062700,1
2022-03-24,170.39410400390625,170.46261801995993,166.61561651162776,167.44765777264146,90131400,1
2022-03-25,171.03036499023438,171.578536843318,169.10196511927478,170.20810721060892,80546200,1
2022-03-28,171.89181518554688,172.01905978493204,168.3678313455488,168.53423961902578,90371900,1
2022-03-29,175.1808624267578,175.22979461470234,172.61617948078282,172.95879441578631,100589400,0
2022-03-30,174.01597595214844,175.81711647524634,172.96856432856262,174.77950323773482,92633200,0
2022-03-31,170.92269897460938,174.27047582290578,170.7171270473916,174.08448573079536,103049300,0
2022-04-01,170.62901306152344,171.18698327855927,168.30906622272897,170.35492714540266,78751300,1
2022-04-04,174.6717987060547,174.72074581921223,170.75626863844195,170.88352814533914,76468400,0
2022-04-05,171.36318969726562,174.53477477488693,170.73670541562527,173.7516656886956,73401800,0
2022-04-06,168.20140075683594,169.963392443072,166.5373033062765,168.72020734548278,89058800,1
2022-04-07,168.5048828125,169.69912101079552,166.2632477962957,167.5455818608837,77594700,0
2022-04-08,166.4981231689453,168.15243700693318,165.6269183292227,168.15243700693318,76575500,0
2022-04-11,162.24981689453125,165.46055114101816,162.0050962053992,165.14731642594322,72246700,1
2022-04-12,164.1194610595703,166.28278325109693,163.1209966207163,164.47185939466212,79265200,1
2022-04-13,166.8015899658203,167.42807423573976,163.24825626550125,163.8551587010773,70618900,0
2022-04-14,161.7995147705078,167.6532440657547,161.55479409572018,167.01696134936807,75329400,0
2022-04-18,161.5841522216797,163.0818413516457,160.11582837374732,160.45842830966066,69023900,1
2022-04-19,163.8649444580078,164.2760883021938,160.44865367684753,161.53521398147984,67723800,0
2022-04-20,163.69854736328125,165.31371275678185,162.59242008519655,165.19623667762264,67929800,0
2022-04-21,162.9056396484375,167.90773030576432,162.40641490220864,165.34306268686478,87227800,0
2022-04-22,158.37342834472656,164.3250370614869,158.08955892864606,162.94482378114378,84882400,1
2022-04-25,159.4404296875,159.72429911751857,155.11376965466397,157.71758646013552,96046400,0
2022-04-26,153.48883056640625,158.9118348666905,153.4105181477024,158.82373899686115,95623200,0
2022-04-27,153.263671875,156.41566043489684,152.09879906936447,152.61760570667977,88063200,1
2022-04-28,160.18434143066406,161.0457628626786,155.57379800357486,155.88704759214835,130216800,0
2022-04-29,154.3208465576172,162.69029635210208,153.92929946524063,158.42236732431553,131747600,1
2022-05-02,154.62429809570312,154.88858563658798,150.0333364297974,153.40069487713816,123055300,1
2022-05-03,156.1121826171875,157.31621889046943,153.01892515604405,154.8102670522691,88966500,1
2022-05-04,162.51409912109375,162.964376768375,155.8968429541357,156.29818841895514,108256500,0
2022-05-05,153.45944213867188,160.61507214954577,151.67786848905013,160.38993331507154,130525300,1
2022-05-06,154.18490600585938,156.30240323500155,151.14590452189532,152.93989398337578,116124600,0
2022-05-09,149.0675811767578,152.7633948486293,148.50880608897836,151.8810971374127,131577900,1
2022-05-10,151.4694061279297,153.65553292727364,149.92049701176046,152.45954000160515,115366700,0
2022-05-11,143.61703491210938,152.39090538432077,142.94061098912724,150.47928231405317,142689800,0
2022-05-12,139.75454711914062,143.32291464808353,136.06854586723028,139.9604210928437,182602000,1
2022-05-13,144.21499633789062,145.18551933414366,140.29371306035543,141.74458368466105,113990900,0
2022-05-16,142.67587280273438,144.61691862288893,141.34263600841436,142.68568558350242,86643800,1
2022-05-17,146.30313110351562,146.82270010671917,143.79349644080855,145.9306042866854,78336300,0
2022-05-18,138.0487823486328,144.46007380411618,137.14687404841018,143.96011558077154,109742900,0
2022-05-19,134.64706420898438,138.87224434894858,133.91182362893935,137.127274568989,136095600,1
2022-05-20,134.88233947753906,137.93113785871375,130.00034593006458,136.3528207232791,137426100,1
2022-05-23,140.293701171875,140.4407432989188,134.94114336987113,135.07838767461445,117726300,0
2022-05-24,137.5978546142578,139.17617200488684,134.62748321427134,138.03899606760518,104132700,1
2022-05-25,137.75469970703125,138.99969650386015,135.61759232548434,135.7058176181396,92482700,1
2022-05-26,140.95053100585938,141.49950829001511,134.44120114221013,134.68628135538745,90601500,1
2022-05-27,146.6952362060547,146.7344424649416,142.40142537012454,142.52887188890233,90978500,0
2022-05-31,145.9109344482422,147.69512536408004,143.95029298038025,146.13641898717157,103718400,0
2022-06-01,145.78350830078125,148.753879037452,144.77376414576858,146.95007745203338,74286600,1
2022-06-02,148.23435974121094,148.29317661370146,143.9699569834941,144.92086964479174,72348100,0
2022-06-03,142.51905822753906,145.05808578629097,141.6171647882395,144.0091352358549,88570300,1
2022-06-06,143.2640838623047,145.6462712304333,142.0484806619193,144.13656879270374,71598400,1
2022-06-07,145.78350830078125,146.06779474236185,141.26422895235845,141.5093091448792,67808200,0
2022-06-08,145.0482635498047,146.92066479832334,144.5581031788664,145.6560576230458,53950200,0
2022-06-09,139.83297729492188,145.0384790561678,139.72514139394366,144.18560463111925,69473000,0
2022-06-10,134.43138122558594,137.98993516430295,134.3627515970909,137.51938542071767,91437900,0
2022-06-13,129.28472900390625,132.53938671229503,128.85338540144875,130.25523715092532,122207100,1
2022-06-14,130.14735412597656,131.25512116222714,128.89254498690727,130.51008291043752,84784300,1
2022-06-15,132.76483154296875,134.63724775917188,129.5591934714462,131.64726649009233,91533000,0
2022-06-16,127.50052642822266,129.78467578709342,126.50059498012912,129.48077871917013,108123900,1
2022-06-17,128.97103881835938,130.46113104749855,127.25547692933145,127.51036998343507,134520300,1
2022-06-21,133.1962127685547,134.36279718069025,130.69640612370614,130.79442925101708,81000500,0
2022-06-22,132.68643188476562,135.04899374439105,131.27476747959807,132.13743964836019,73409200,1
2022-06-23,135.54896545410156,135.8626603415122,132.9609190593017,134.12750324123766,72433800,1
2022-06-24,138.87225341796875,139.117333627322,137.01944763359853,137.1468791706762,89116800,0
2022-06-27,138.87225341796875,140.66624234545563,138.19582964679236,139.89178050713437,70207900,0
2022-06-28,134.7353057861328,140.59762053174873,134.61767206581916,139.3330131628478,67083400,1
2022-06-29,136.4900665283203,137.90173093297278,133.98044756827542,134.75490940956817,66242400,0
2022-06-30,134.02947998046875,135.64700354645933,131.13753620204082,134.5490488814723,98964500,1
2022-07-01,136.1959991455078,136.30383506160413,132.99036001507756,133.36287185008192,71051600,1
2022-07-05,138.7742156982422,138.82323473193733,134.2353254229341,135.05880629688934,73353800,1
2022-07-06,140.1074676513672,141.28384979355582,138.30368070277723,138.5683715462856,74064300,1
2022-07-07,143.469970703125,143.66603189279604,140.4603783389641,140.47017616296918,66253700,1
2022-07-08,144.1463623046875,144.646335480772,142.14651447587394,142.4013924960781,64547800,0
2022-07-11,142.01910400390625,143.75427642973983,140.95055766241197,142.80336382609462,63141600,1
2022-07-12,142.98960876464844,145.52863633565593,142.19555121961218,142.89157069008422,77588800,0
2022-07-13,142.62689208984375,143.56799177024092,139.3232005090592,140.17608985764943,71185600,1
2022-07-14,145.54824829101562,146.01879814456234,140.4309718883509,141.244640047542,78140700,1
2022-07-15,147.2147674560547,147.89119117713278,145.28353435270415,146.83244295612025,76259900,0
2022-07-18,144.17578125,148.58722466683977,143.81305239727462,147.77355664160174,81420900,1
2022-07-19,148.02847290039062,148.25394254490203,144.01896354895925,145.0090823866063,82982400,1
2022-07-20,150.02828979492188,150.6949157224323,147.41083503397257,148.1460756395822,64823400,1
2022-07-21,152.2928466796875,152.50851845862235,148.94994906470606,151.45956799212024,65086600,0
2022-07-22,151.05764770507812,153.20455292364784,150.3910366563313,152.33206789895848,66675400,0
2022-07-25,149.94009399414062,151.98896129458768,149.28328071900498,150.97923186102722,53623900,0
2022-07-26,148.6166534423828,150.07732200029463,147.83239373585778,149.2636538636445,55138700,1
2022-07-27,153.70449829101562,154.23387992265205,149.16562296270044,149.57735592146827,78620700,1
2022-07-28,154.2535400390625,154.5378265928496,151.3713934440884,153.89081103917914,81378700,1
2022-07-29,159.3119354248047,160.409904944982,156.36117506106663,158.0669387195233,101786900,0
2022-08-01,158.33163452148438,160.37070393464464,157.72384030664722,157.84147403635484,67829400,0
2022-08-02,156.86114501953125,159.21392420256825,156.48863324172908,156.94938527079637,59907000,1
2022-08-03,162.86070251464844,163.3116417148104,157.58657171952117,157.67479700322565,82507500,0
2022-08-04,162.54698181152344,163.8998292386339,161.19413438441296,162.7430429706028,55474100,0
2022-08-05,162.3212432861328,162.81208464474912,160.0142829089203,160.22044287042655,56697000,0
2022-08-08,161.8500213623047,164.7361708864107,161.19229575323052,163.32254540690658,60276900,1
2022-08-09,161.89907836914062,162.78260161908204,160.2596703687026,161.01557009848563,63135500,1
2022-08-10,166.13998413085938,166.23814341245296,163.8428352480907,164.60854654925055,70170500,0
2022-08-11,165.40371704101562,167.85792369494868,165.10920924668594,166.94495103045548,57149200,1
2022-08-12,168.9475860595703,169.01629605421468,166.29703098384923,166.70935086886797,68039400,1
2022-08-15,170.01759338378906,170.21392688656005,168.21130119143814,168.37818541775778,54091700,0
2022-08-16,169.86053466796875,170.52808660786044,168.51563433427114,169.61511402434292,56377100,1
2022-08-17,171.3527069091797,172.92339013736907,169.4089794863745,169.60531301748716,79542000,0
2022-08-18,170.9600372314453,171.69629926083016,169.9489052427666,170.56737014082248,62290100,0
2022-08-19,168.37818908691406,170.5575254675204,168.1720291679761,169.8605242913159,70346300,0
2022-08-22,164.50054931640625,166.74859572706774,164.0784180378036,166.58171149389958,69026800,0
2022-08-23,164.1667938232422,165.61969500518398,163.597416059393,164.0195474098714,54147100,1
2022-08-24,164.46128845214844,165.03066617037743,163.2047358944321,164.25514348994625,53841500,1
2022-08-25,166.91546630859375,167.02345197761028,165.2662469773801,165.6883632421721,51218200,0
2022-08-26,160.62290954589844,167.91681938586046,160.56401098389765,167.44561591056575,78961000,0
2022-08-29,158.42393493652344,159.91608162954805,156.89251255304256,158.19813716461735,73314000,0
2022-08-30,155.99917602539062,159.58231130465205,154.8309714061125,159.16019500251252,77906200,0
2022-08-31,154.3401336669922,157.63858767600124,154.2615972644816,157.3735291899389,87991100,1
2022-09-01,155.0665740966797,155.51813965771387,151.83683028732437,153.77074600824523,74229900,0
2022-09-02,152.95596313476562,157.42262194968552,152.13135334781393,156.82379496598037,76957800,0
2022-09-06,151.6994171142578,154.21252227519972,150.87480729194033,153.60388383195894,73714800,1
2022-09-07,153.10324096679688,153.80022729759784,150.79628062278962,151.9841232844313,87449600,0
2022-09-08,151.63067626953125,153.49586691377095,149.88326774543208,151.80737191866996,84923800,1
2022-09-09,154.48739624023438,154.92916542303703,151.91539245059826,152.62220516793604,68028800,1
2022-09-12,160.4364013671875,161.25119983056848,156.38206187837264,156.66674327917337,104956000,0
2022-09-13,151.02203369140625,157.5993035102858,150.5606417135221,156.97102730327344,122656600,1
2022-09-14,152.46514892578125,154.2223694761001,150.79629120920487,151.9546696901294,87965400,0
2022-09-15,149.57896423339844,152.39640331677907,148.6071081028978,151.81719923234522,90481100,0
2022-09-16,147.93955993652344,148.57766259301448,145.65223775657734,148.44022763272653,162278800,1
2022-09-19,151.65029907226562,151.72883546494634,146.36885773323408,146.57500265714634,81474200,1
2022-09-20,154.02597045898438,155.1843635395565,150.2759512881002,150.59008188296497,107689800,0
2022-09-21,150.90423583984375,155.83228620825895,150.78643873263653,154.45792171393398,101696800,0
2022-09-22,149.9421844482422,151.64049091114813,148.1457037475465,149.588778163199,86652500,0
2022-09-23,147.6745147705078,148.69547312127722,145.83877299693037,148.4206031759059,96029900,1
2022-09-26,148.00827026367188,150.95331767501642,146.898964278694,146.91860212230296,93339400,1
2022-09-27,148.9801483154297,151.88593544780034,147.20330517830297,149.9422080635759,84442700,0
2022-09-28,147.09532165527344,147.8806707549768,142.1869085062377,144.93562286555536,146691400,0
2022-09-29,139.8701171875,144.03245634378814,138.103085707034,143.4238179924611,128138200,0
2022-09-30,135.66856384277344,140.4788186878684,135.4722302730186,138.69214875072967,124925300,1
2022-10-03,139.84068298339844,140.44933637961338,135.1678792129988,135.67835835777296,114311700,1
2022-10-04,143.42385864257812,143.54165578156733,141.61755096209856,142.37345088895668,87830100,1
2022-10-05,143.71832275390625,144.6803824609242,140.39041942925496,141.43101553965928,79471000,0
2022-10-06,142.7660675048828,144.83741801539523,142.55992258457076,143.13911161877988,68402200,0
2022-10-07,137.52389526367188,140.47876912027488,136.89561907456743,139.9290143479333,85925600,1
2022-10-10,137.84786987304688,139.29094450363405,136.03176603772727,137.84786987304688,74899000,0
2022-10-11,136.43423461914062,138.76083241469453,135.68816128454225,137.33738075448184,77033700,0
2022-10-12,135.80596923828125,137.78897231294513,135.62927355780315,136.58150689181417,70433700,1
2022-10-13,140.37081909179688,140.95981974279604,131.90870376504793,132.51735724415704,113224000,0
2022-10-14,135.84523010253906,141.87276009592642,135.65870802953629,141.66660017858484,88598000,1
2022-10-17,139.8014373779297,140.282452315822,137.7006369919499,138.48598615048115,85250900,1
2022-10-18,141.11685180664062,144.01281203046764,138.03436952113134,142.8249846575733,99136600,1
2022-10-19,141.22486877441406,142.29489928414645,138.90809708603376,139.09461918905455,61758300,0
2022-10-20,140.76345825195312,143.21766459219867,140.0370077826972,140.40024050696854,64522000,1
2022-10-21,144.57240295410156,145.1417806685085,140.03701908535325,140.25299045906925,86548600,1
2022-10-24,146.71246337890625,147.47817461798252,143.3256613631015,144.49386606815804,75981900,1
2022-10-25,149.5495147705078,149.69677613929844,146.62410499116672,147.3407290522299,74732300,0
2022-10-26,146.6143035888672,149.20594507644813,145.32828678897533,148.19481318791426,88194300,0
2022-10-27,142.14764404296875,146.31979510961392,141.48991849585923,145.35775035197634,109180200,1
2022-10-28,152.88723754882812,154.61499335183578,145.11231396636444,145.4853431294892,164762400,0
2022-10-31,150.53118896484375,151.4147121907347,149.1372016307876,150.35449330723716,97943200,0
2022-11-01,147.8905029296875,152.60258320946681,146.39835590820144,152.2393653788708,80379300,0
2022-11-02,142.3734130859375,149.38262560122348,142.34396380900958,146.22160672381153,93604600,0
2022-11-03,136.33609008789062,140.1842842462697,136.2084665510831,139.45783369878677,97918500,0
2022-11-04,136.070556640625,140.2889534742064,132.13731334421504,139.71863139573108,140814800,1
2022-11-07,136.6015625,136.827719829141,133.40580174577732,134.82177198830993,83374600,1
2022-11-08,137.17190551757812,139.069688836373,135.19545550623369,138.06672226567503,89908500,0
2022-11-09,132.61917114257812,136.23776400792798,132.34384521853534,136.18859544917657,74917800,1
2022-11-10,144.41888427734375,144.41888427734375,137.17188688278108,138.88285345399055,118854000,1
2022-11-11,147.20167541503906,147.5064994693465,141.9606252113591,143.3864383750097,93979700,0
2022-11-14,145.8053741455078,147.77199641885335,144.96955367768106,146.48386123047396,73374100,1
2022-11-15,147.5360107421875,151.02676861885655,146.08071431905194,149.67963703147598,89868300,0
2022-11-16,146.30682373046875,147.36880131400713,144.83185736513215,146.6411608430867,64218300,1
2022-11-17,148.2046661376953,148.95197725260945,143.71092672522755,143.98625266251898,80389400,1
2022-11-18,148.76512145996094,150.15159363499748,147.4671586821555,149.76810292744864,74829600,0
2022-11-21,145.53988647460938,147.8605015253363,145.25473282614936,147.6540145740021,58724100,1
2022-11-22,147.6736602783203,147.909660354169,144.47789906303868,145.65788443814483,51804100,1
2022-11-23,148.54884338378906,149.29615456069408,146.84770405367206,146.95586889544748,58301400,0
2022-11-25,145.63819885253906,146.3953525551104,144.66471552066162,145.8348580598712,35195900,0
2022-11-28,141.8131103515625,144.19272111621666,140.9871327315936,142.7177546502144,69246000,0
2022-11-29,138.81402587890625,142.39327767480953,138.007718580844,141.8819517027843,83763800,1
2022-11-30,145.55955505371094,146.23804217919428,138.20439151332914,139.04019702693043,111380900,1
2022-12-01,145.8348388671875,146.6411610165093,144.16321331865586,145.73651677852905,71250400,0
2022-12-02,145.3431854248047,145.5300169012177,143.21923022579475,143.52406921601985,65447400,0
2022-12-05,144.18292236328125,148.40132070138284,143.33727415278167,145.30389650239576,68826400,0
2022-12-06,140.52499389648438,144.8417290558683,139.55151049910586,144.61557170242608,64727200,0
2022-12-07,138.58787536621094,140.97731424983792,137.66356048798676,139.8170142991394,69721100,1
2022-12-08,140.269287109375,141.12477775387197,138.7451672912856,139.9841335639646,62128300,0
2022-12-09,139.78746032714844,143.14055359778118,138.54847917501817,139.96444906080626,76097000,1
2022-12-12,142.07858276367188,142.08841047017535,138.70581892060486,140.31844803096612,70462700,1
2022-12-13,143.04226684570312,147.4671667934874,141.83279839446703,147.00500937638787,93886200,0
2022-12-14,140.81997680664062,144.21239680146076,138.80418622868987,142.9242617747897,82291200,0
2022-12-15,134.22193908691406,139.43348990576752,133.7597817593244,138.7550029778536,98931900,0
2022-12-16,132.26515197753906,135.35274779526193,131.49817062820333,134.4087776749108,160156900,0
2022-12-19,130.16087341308594,132.94364536804903,129.12840885731634,132.8551509782634,79592600,0
2022-12-20,130.09205627441406,131.0261987808424,127.72227301817315,129.19723960857664,77432800,1
2022-12-21,133.1894989013672,134.52680273214906,130.53456166494178,130.7607190395491,85928000,0
2022-12-22,130.02320861816406,132.31432503613755,128.1254256005218,132.10783812958184,77852100,0
2022-12-23,129.65940856933594,130.21006041152802,127.47645662054781,128.7350936895975,63814900,0
2022-12-27,127.85995483398438,129.2169290987198,126.57181955561124,129.18743096288975,69007800,0
2022-12-28,123.93653106689453,128.84325132058044,123.76936998157427,127.50594763388183,85438400,1
2022-12-29,127.44695281982422,128.30242867918332,125.5983306446105,125.8539861302219,75703700,1
2022-12-30,127.7615966796875,127.78126710171549,125.30332657301084,126.26697469654857,77034200,0
2023-01-03,122.98272705078125,128.7154254385632,122.0977455022682,128.1057773178633,112117500,1
2023-01-04,124.25119018554688,126.51280869797894,122.99255318811515,124.77234386397704,89113600,0
2023-01-05,122.93354797363281,125.63765344479737,122.67789249421179,125.0083349534918,80962700,1
2023-01-06,127.45677947998047,128.115596113896,122.80572219640975,123.907033324828,87754700,1
2023-01-09,127.97793579101562,131.18353963295718,127.72228030225448,128.29260255023266,70790800,1
2023-01-10,128.54827880859375,129.06943258413017,125.98183578009913,128.08612130890833,63896200,1
2023-01-11,131.26222229003906,131.2818777117784,128.2827904454057,129.05959971999454,69458900,0
2023-01-12,131.18353271484375,132.0193381171801,129.24640871746402,131.6456901154858,71379600,1
2023-01-13,132.51100158691406,132.6683349676498,129.46274610687883,129.8265664212103,57809700,1
2023-01-17,133.67129516601562,134.99875596810472,131.8915047175872,132.5798193932039,63646600,0
2023-01-18,132.9534912109375,136.29674271738915,132.7764874230637,134.53662257229425,69672800,1
2023-01-19,133.0124969482422,133.9761376268957,131.53753029546903,131.84235433638028,58280400,1
2023-01-20,135.569091796875,135.71659745917918,131.98001240951498,133.02231973826562,80223600,1
2023-01-23,138.75506591796875,140.928190614556,135.59862986628406,135.81495956473674,81760300,1
2023-01-24,140.15135192871094,140.77084282048162,137.95857203194126,137.96839974299797,66435100,0
2023-01-25,139.49252319335938,140.05300275817604,136.49342112366645,138.53871015801215,65799300,1
2023-01-26,141.5574493408203,141.8426029112318,139.53181620357194,140.78062529691158,54105100,1
2023-01-27,143.49456787109375,144.77287517943125,140.69214050710963,140.77080718806803,70555800,0
2023-01-30,140.61346435546875,143.12091025214485,140.46597371619012,142.54076039880331,64015300,1
2023-01-31,141.88192749023438,141.931096037562,139.90547792238985,140.31846671250062,65874500,1
2023-02-01,143.0029296875,144.16324461699494,138.961535368266,141.56730384751015,77663600,1
2023-02-02,148.30300903320312,148.6569866770964,145.69722523392414,146.41503824093917,118339000,1
2023-02-03,151.9215545654297,154.75349514117664,145.36287177724367,145.5595309829737,154357300,0
2023-02-06,149.19778442382812,150.54493079230497,148.26364190831887,150.02377712562708,69858300,1
2023-02-07,152.06903076171875,152.63935290701122,148.12595929659778,148.12595929659778,83322600,0
2023-02-08,149.38461303710938,152.0002240332312,148.64712974900903,151.31190929849808,64120100,0
2023-02-09,148.3521270751953,151.75438976697808,147.9096401221254,151.21356571138807,56007100,1
2023-02-10,148.71652221679688,149.04151212756338,146.95371454850684,147.19007494553122,57450700,1
2023-02-13,151.51339721679688,151.91715888947925,148.62788900472555,148.65743217523777,62199000,0
2023-02-14,150.8732452392578,151.4345954776921,148.56878800441328,149.80964612462722,61707600,1
2023-02-15,152.9709014892578,153.1383177826238,150.55811427879883,150.78461690781828,65573800,0
2023-02-16,151.37554931640625,153.9557534849536,151.02101618410566,151.17857477742453,68167900,0
2023-02-17,150.23316955566406,150.67633223329352,148.55899109181487,150.03621003527854,59144100,0
2023-02-21,146.22496032714844,149.00213887625634,146.15603126407484,147.9188390818426,58867200,1
2023-02-22,146.64842224121094,147.67262055430007,144.9250004924314,146.60902132895072,51011300,1
2023-02-23,147.1309814453125,148.05670759936388,145.00379786650186,147.8105044744373,48394200,0
2023-02-24,144.4818572998047,144.9545631210652,143.5068874555982,144.87577631301392,55469600,1
2023-02-27,145.6734619140625,146.90447752822308,145.21059884097443,145.46665970602933,44998500,0
2023-02-28,145.17123413085938,146.81586942805245,144.60004099931746,144.81670098117985,50547000,0
2023-03-01,143.10305786132812,144.9938954752606,142.80761119698582,144.59997660749858,55479000,1
2023-03-02,143.6940155029297,144.48186861811354,141.71453248481114,142.18725337015044,52238100,1
2023-03-03,148.73622131347656,148.81500811176437,145.09241829817535,145.79162671403117,70732300,1
2023-03-06,151.49366760253906,153.92615502016272,151.12929188498998,151.45426669807628,87558000,0
2023-03-07,149.29757690429688,151.69066400049135,148.83471383986452,151.36567408118486,56182000,1
2023-03-08,150.54827880859375,151.13917230662574,149.52408044265695,150.48919246419973,47204800,0
2023-03-09,148.3029022216797,152.1929083670859,147.9483691410299,151.2277963802791,53833600,0
2023-03-10,146.24465942382812,148.64760438030467,145.3681768808884,147.92869544727571,68572400,1
2023-03-13,148.18470764160156,150.81415467329558,145.4567733693173,145.56510332314932,84457100,1
2023-03-14,150.27249145507812,151.07018694052056,147.820318670502,148.98238986483992,73695900,1
2023-03-15,150.6664581298828,150.92250395033966,147.64307677577528,148.8937927615987,77167900,1
2023-03-16,153.48301696777344,154.08375312665916,149.33695019463687,149.84905684492745,76161100,0
2023-03-17,152.64596557617188,154.35954505108717,151.9368992435896,153.70956507504528,98944600,1
2023-03-20,155.00946044921875,155.4230948668754,151.80882025865256,152.71486085947325,73641400,1
2023-03-21,156.8609161376953,156.9790888157361,154.1625247817563,154.93069227015488,73938300,0
2023-03-22,155.4329376220703,159.6774765177441,155.41323716716616,156.88061300312046,75701800,1
2023-03-23,156.51620483398438,159.09642316640492,155.2851895124044,156.41773262448348,67622100,1
2023-03-24,157.81619262695312,157.90482213956633,155.45264879499626,156.44730394409444,59196500,0
2023-03-27,155.87612915039062,158.3283178086609,155.4723523985585,157.51092158923748,52390300,0
2023-03-28,155.2556610107422,156.08291480553032,153.61102618902072,155.57080817581272,45992200,1
2023-03-29,158.3282928466797,158.60403911493316,156.92986104995282,156.94954647836764,51305700,1
2023-03-30,159.89414978027344,160.00247975071784,158.82070781762587,159.07675364456477,49501700,1
2023-03-31,162.39553833007812,162.49402556851254,159.45095924162882,159.972908545837,68749800,1
2023-04-03,163.64630126953125,163.76447396805997,161.7259197832038,161.7751634166065,56976200,0
2023-04-04,163.114501953125,164.3061166832112,162.60239523685718,164.06977129650792,46278300,0
2023-04-05,161.2728729248047,162.54328933366952,159.34264903941414,162.2379998945446,51511700,1
2023-04-06,162.1592254638672,162.45467221127325,159.53962067833683,159.96308282888376,45390100,0
2023-04-10,159.56915283203125,159.56915283203125,157.64877164706385,158.96841666370352,47716900,0
2023-04-11,158.35784912109375,159.89415417908276,158.07224508795338,159.88431146406083,47644200,0
2023-04-12,157.66847229003906,159.59869619161648,157.35332510698044,158.77145737665472,50133100,1
2023-04-13,163.04554748535156,163.28190788405584,158.96842452673738,159.1752417539843,68445600,0
2023-04-14,162.7008819580078,163.79402444901268,161.3319931654023,162.09028798128088,49386500,1
2023-04-17,162.7205352783203,162.8781088558677,161.53876350080176,162.58266215472722,41516200,1
2023-04-18,163.94171142578125,164.86743742961687,163.13415809407996,163.57733566867122,49923000,1
2023-04-19,165.08409118652344,165.60604050503213,163.0258220523767,163.28188286850465,47720200,0
2023-04-20,164.1189727783203,165.3204450523275,163.04553091898333,163.56748026442403,52456400,0
2023-04-21,162.51376342773438,163.92203809382642,161.99181400338804,162.54330660065614,58337300,1
2023-04-24,162.81903076171875,163.08493430890758,161.40089854610392,162.49404087672,41949600,0
2023-04-25,161.28273010253906,163.78414697340926,161.24332919160244,162.68116189989732,48714100,0
2023-04-26,161.2728729248047,162.76979197769046,160.32746143764658,160.58350725145092,45498800,1
2023-04-27,165.852294921875,166.00001080225775,162.68119712191097,162.68119712191097,64902300,1
2023-04-28,167.10296630859375,167.27039764589344,165.33031595199535,165.93105213681218,55275900,0
2023-05-01,167.01434326171875,167.86128258741087,166.07877442017465,166.70905380019818,52472900,0
2023-05-02,165.9802703857422,167.76279339985444,164.99545801480568,167.50673256610264,48425700,0
2023-05-03,164.90684509277344,168.32414556576836,164.6212560883793,166.925713661642,65136000,0
2023-05-04,163.2720489501953,164.50306450874902,161.81453073644045,162.3857237588548,81235400,1
2023-05-05,170.9338836669922,171.65279246173276,168.16654839153733,168.38320830672657,113453200,0
2023-05-08,170.86495971679688,171.20965008439242,169.49607101524845,169.86044681233003,55962800,0
2023-05-09,169.16122436523438,170.90433143409618,168.99380806621033,170.42178299192224,45326900,1
2023-05-10,170.92404174804688,171.38690478906514,169.28924951921832,170.39224965147537,53724500,1
2023-05-11,171.11117553710938,171.9384144483228,169.5551699505623,171.20966280003566,49514700,0
2023-05-12,170.1841583251953,171.653548851867,168.6358569767775,171.21962961924467,45533100,0
2023-05-15,169.6910858154297,170.815324358024,169.09937498339835,170.76601261404946,37266700,0
2023-05-16,169.6910858154297,170.74628490689332,169.42481443623242,169.61219003463674,42110300,1
2023-05-17,170.302490234375,170.53916250241704,168.06386972955488,169.3360433616003,57951600,1
2023-05-18,172.6298370361328,172.81721258554498,170.1939849894296,170.60817644442238,65496700,1
2023-05-19,172.73834228515625,173.9513327998332,172.5213826746833,173.9513327998332,55809500,0
2023-05-22,171.79161071777344,172.2945693897219,171.05197977463047,171.57465110395842,43570900,0
2023-05-23,169.18809509277344,170.98293990870613,168.91196743614205,170.73639628329747,50747300,1
2023-05-24,169.4642333984375,170.03621645106807,168.16249079935005,168.7246024757336,45143500,1
2023-05-25,170.5983428955078,171.4957503105663,169.3163129553576,170.02635984381527,56058300,1
2023-05-26,173.00460815429688,173.33991896491864,170.71669083708804,170.92379413047703,54835000,1
2023-05-30,174.8487548828125,176.51539231960112,174.12885165758402,174.51345913931758,55964400,0
2023-05-31,174.7994384765625,176.87041104464083,174.3162075312564,174.87833424607143,99625300,1
2023-06-01,177.6001739501953,177.62975798334406,174.4838587106697,175.24321733975688,68901800,1
2023-06-02,178.4482879638672,179.2668146743205,176.78165050926717,178.52718373632618,61996900,0
2023-06-05,177.09727478027344,182.3930287124511,175.57855714098653,180.10511097044113,121946500,0
2023-06-06,176.73236083984375,177.62976831057978,174.97695616659206,177.4818481362361,64848400,0
2023-06-07,175.36158752441406,178.70471906299082,174.86850018805862,175.9730110061888,61944600,1
2023-06-08,178.07354736328125,178.3398036598064,175.00654388250445,175.44044804834044,50214900,1
2023-06-09,178.4581756591797,179.71060666093933,178.13273621096323,178.99070336218668,48900000,1
2023-06-12,181.24903869628906,181.34766218390052,178.468033910057,178.76388932505995,54274900,0
2023-06-13,180.775634765625,181.6040176863898,179.917667815392,180.27269121683804,54929100,1
2023-06-14,181.40679931640625,181.84071851135664,179.50348972235338,180.83481629104696,57462900,1
2023-06-15,183.4383087158203,183.94126732878541,181.23914384950322,181.416663079911,65433200,0
2023-06-16,182.3634033203125,184.40479194393566,181.72239585614398,184.14837692000424,101256200,1
2023-06-20,182.45216369628906,183.52710548415504,181.86046794433722,181.86046794433722,49799100,0
2023-06-21,181.41671752929688,182.8466679379569,180.06564786023924,182.3437091740366,49515700,1
2023-06-22,184.4146270751953,184.46393880857786,181.13066426325057,181.1997036995518,51245300,0
2023-06-23,184.09906005859375,184.96689848868263,182.45215034536935,182.98469303577104,53117000,0
2023-06-26,182.7085723876953,185.4501365723536,182.6691169769034,184.24700235631448,48088700,1
2023-06-27,185.45999145507812,185.78543087633778,183.10303478095216,183.31999439512526,50730800,1
2023-06-28,186.63352966308594,187.27453708797546,185.0063477089331,185.33177206150037,51216800,1
2023-06-29,186.96884155273438,187.4422162021352,186.32783407243755,186.4658979165552,46347300,1
2023-06-30,191.28826904296875,191.79121262094537,188.61572952588827,188.9806243235532,85213200,0
2023-07-03,189.79916381835938,191.19952989799955,189.10882958307744,191.10090642215079,31458200,0
2023-07-05,188.68479919433594,190.31198136153697,187.98460856583768,188.92148652956726,46920300,1
2023-07-06,189.15817260742188,189.36527592182694,186.58425595947688,187.21540718494302,45094300,0
2023-07-07,188.0437469482422,190.00623962579556,187.6098428072387,188.76366516963594,46815000,0
2023-07-10,186.00238037109375,187.36330604998784,184.45407912216882,186.6433878022031,59922200,0
2023-07-11,185.47972106933594,186.68285528837708,184.02018687082855,186.5447914459214,46638100,1
2023-07-12,187.1463623046875,189.04967210294507,185.86433228601203,187.05759515232103,60750200,1
2023-07-13,187.9056854248047,188.5467078881079,187.15619821079162,187.86624506525828,41342300,1
2023-07-14,188.05361938476562,188.53683526319492,187.00827681367923,187.59997248992855,41616200,1
2023-07-17,191.30799865722656,191.63343805134278,189.15813040004866,189.24688249449068,50520200,0
2023-07-18,191.0515899658203,191.64330071063998,189.75970372238763,190.6768538720752,48288200,1
2023-07-19,192.40267944335938,195.48939585264796,189.9865395225249,190.4303301514657,80507300,0
2023-07-20,190.45989990234375,193.75371936128715,189.83860510668907,192.39279363664537,59581200,0
2023-07-21,189.28636169433594,192.2744696321092,188.5861710830146,191.41650251566858,71951700,1
2023-07-24,190.08514404296875,192.21528467718613,189.59205676918674,190.73602285584008,45377800,1
2023-07-25,190.943115234375,191.75178560391285,190.2527960456413,190.65713123041024,37283200,1
2023-07-26,191.81100463867188,192.9352433441523,190.64732556099642,190.9924777231627,47471900,0
2023-07-27,190.54867553710938,194.4736466049838,189.88794029801272,193.3099676892758,47460200,1
2023-07-28,193.12257385253906,193.91151654263126,191.4559363697747,191.97860770429688,48291400,1
2023-07-31,193.73397827148438,193.7734336784224,192.560428204252,193.3493708168966,38824100,0
2023-08-01,192.90560913085938,194.0101198390568,192.58016971551623,193.52690392813534,35175100,0
2023-08-02,189.91749572753906,192.48154051645844,189.19759252290805,192.34347668203839,50389300,0
2023-08-03,188.52699279785156,189.7103992851957,188.05363321247987,188.92147165885288,61235200,0
2023-08-04,179.47390747070312,184.78938756590674,179.4048680308995,182.95510234495143,115956800,0
2023-08-07,176.37734985351562,180.59817633552169,174.8980878140883,179.61200164257014,97576100,1
2023-08-08,177.314208984375,177.77771228390873,175.12490000933562,177.20572916857282,67823000,0
2023-08-09,175.72645568847656,178.42856448196,174.56276182695083,178.3693964131728,60378500,0
2023-08-10,175.50950622558594,178.25107058876787,175.14462641506705,176.9986245515979,54686900,1
2023-08-11,175.56875610351562,176.38838822312198,174.34425781198718,175.10464195853916,52036700,1
2023-08-14,177.21786499023438,177.44498719165242,175.09471767076215,175.746475363334,43675600,0
2023-08-15,175.2329864501953,177.23762299403361,174.8379899652799,176.6451282666605,43622600,0
2023-08-16,174.36399841308594,176.30937200366554,174.29486573787133,174.91699954220002,46964900,0
2023-08-17,171.8260955810547,175.29223725703497,171.31258808782235,174.9268647491592,66062900,1
2023-08-18,172.30999755859375,172.9123770667114,169.8116075662743,170.14735612669347,61172200,1
2023-08-21,173.6431121826172,173.92949746098708,171.56935789788312,172.88274314562352,46311900,1
2023-08-22,175.01576232910156,175.46013721394584,174.04801023595033,174.8478880423005,42038900,1
2023-08-23,178.8571319580078,179.28176749229362,176.1019960768648,176.28962468028294,52722800,0
2023-08-24,174.1763458251953,178.83737622633825,173.810958290209,178.41274073112407,54945800,1
2023-08-25,176.3784942626953,176.91174101480664,173.62335841851225,175.16386577811136,51449600,1
2023-08-28,177.9387664794922,178.33376298082638,176.31925671498092,177.8400098200833,43820700,1
2023-08-29,181.8196563720703,182.58991008586239,177.2573820568172,177.45488030453177,53003900,1
2023-08-30,185.30555725097656,185.50307057198083,182.43192527543482,182.62942352828824,60813900,1
2023-08-31,185.5227813720703,186.75716409811676,185.13765456426975,185.4931573920971,60794500,1
2023-09-01,187.09298706054688,187.54723160980876,185.9277215617056,187.12261104992686,45766500,1
2023-09-05,187.3299560546875,187.60645663383806,185.26607135025952,185.92769881238064,45280000,0
2023-09-06,180.62478637695312,186.4905763861184,179.20277485131902,186.04618648324464,81755800,0
2023-09-07,175.3416290283203,175.98351721110967,171.3718491931888,172.99135904079122,112488800,1
2023-09-08,175.95387268066406,177.98814840122637,175.56874581023814,176.12176201867752,65551300,1
2023-09-11,177.11912536621094,178.0473836718388,175.1243584797436,177.82026144859472,58953100,0
2023-09-12,174.09735107421875,177.87950173703112,172.6358460753217,177.24749835360407,90370200,0
2023-09-13,172.0334930419922,175.0848841389881,171.80635572558617,174.30474566083996,84267900,1
2023-09-14,173.54437255859375,173.89987544974738,171.41135521167203,171.82610607332606,60895800,0
2023-09-15,172.82350158691406,174.29489164916728,171.6483815469245,174.27513730071914,109259500,1
2023-09-18,175.74649047851562,177.13887792290447,173.9689761950564,174.2751007250675,67257600,1
2023-09-19,176.83277893066406,177.38578010579235,174.91701409671836,175.3021409914078,51826900,0
2023-09-20,173.29750061035156,177.45489404541186,173.20861358406935,177.0203888259045,58436200,0
2023-09-21,171.7569580078125,174.0973581099587,171.6878404044714,172.36922214048295,63149100,1
2023-09-22,172.60621643066406,174.86761425499944,171.87547142547365,172.48772049861157,56725400,1
2023-09-25,173.88009643554688,174.75897636563758,171.97420160197885,172.02357992644104,46172700,0
2023-09-26,169.81158447265625,173.01109513731117,169.51532957863083,172.63585300181884,64588900,0
2023-09-27,168.30068969726562,170.87808171574733,166.93794126401278,170.46333088230946,66921800,1
2023-09-28,168.5574493408203,169.88070413963854,165.52579782856736,167.22430983558627,56294400,1
2023-09-29,169.07095336914062,170.90771561508154,168.21181267677895,169.870831028669,51861100,1
2023-10-02,171.57919311523438,172.12232450994816,168.79441854678254,169.0808037676989,52164500,0
2023-10-03,170.24610900878906,171.46075281316274,168.6858620497557,170.10785870603348,49594600,1
2023-10-04,171.4903564453125,172.03348795172127,168.8339619515459,168.9524578917983,53020300,1
2023-10-05,172.72471618652344,173.25796291419545,170.5225664715738,171.61869897615148,48527900,1
2023-10-06,175.27249145507812,175.76624458491796,171.016326818613,171.6285909459562,57266700,1
2023-10-09,176.75376892089844,176.81301689163445,173.60362121945622,174.6009972191987,42390800,0
2023-10-10,176.1612548828125,177.47464011941017,175.72674968355904,175.8748846750232,43698000,1
2023-10-11,177.5536346435547,177.60301297187604,175.3811238107674,175.9736185461729,47551100,1
2023-10-12,178.45228576660156,180.0619109305439,176.80313684087554,177.8202822818536,56743100,0
2023-10-13,176.6155242919922,179.65703072033497,175.91438812346496,179.15340788479125,51427100,0
2023-10-16,176.48712158203125,176.84262444155877,174.3047260977915,174.5417330268598,52517000,0
2023-10-17,174.93675231933594,176.19088966345473,172.61612132571108,174.44299912050275,57549400,0
2023-10-18,173.6431121826172,175.36137864838344,172.9222367694585,173.3863659573123,54764400,0
2023-10-19,173.26783752441406,175.6180919396984,173.00120664203897,173.84057783744473,59302900,0
2023-10-20,170.7200927734375,173.22835212793277,170.4830858385587,173.11972583296543,64244000,1
2023-10-23,170.83859252929688,171.8359684831129,167.80694090892598,168.77470794688867,55980100,1
2023-10-24,171.27310180664062,171.50022404547477,169.30795876796012,170.88797493724758,43816600,0
2023-10-25,168.9623260498047,170.8978298690587,168.51793618108192,169.7325797223047,57157000,0
2023-10-26,164.804931640625,169.2388405091802,163.600172706508,168.2414494672427,70625300,1
2023-10-27,166.11830139160156,166.8490614359056,164.745668316651,164.82467062426355,58499100,1
2023-10-30,168.1624298095703,169.0314401165317,166.7601727667049,166.90830774256386,51131000,1
2023-10-31,168.63645935058594,168.76482492650203,165.80230595130433,167.23420217717043,44846000,1
2023-11-01,171.79647827148438,172.05322449399938,167.99457285522465,168.86358325166134,56934900,1
2023-11-02,175.3515167236328,175.55888462715336,173.26787764016203,173.32712561259646,77334800,0
2023-11-03,174.44296264648438,174.61085195895754,171.18420427007575,172.06308417750907,79829200,1
2023-11-06,176.9907684326172,177.1882666996337,174.0085099439187,174.1763842242903,63841300,1
2023-11-07,179.54843139648438,180.1606805785339,176.7340319643902,176.94139988237026,70530000,1
2023-11-08,180.60504150390625,181.15804266662394,179.3212801943679,180.07179468790036,49340300,0
2023-11-09,180.13104248046875,181.81966995293175,179.53853262491765,180.67417400336535,53763500,1
2023-11-10,184.3136749267578,184.48178544542026,181.475802800193,181.9108804268445,66133400,0
2023-11-13,182.73158264160156,183.9478113332898,182.14818998578377,183.7401702602705,43627500,1
2023-11-14,185.342041015625,186.00454008995078,184.21480130754796,185.59912547957174,60108400,1
2023-11-15,185.9056396484375,187.3789678351275,185.67821821290843,185.74744196041772,53790500,1
2023-11-16,187.58665466308594,188.82266388785246,186.5385061665612,187.4482222334322,54412900,0
2023-11-17,187.56686401367188,188.24914348244,186.4594046371221,188.12059370194675,50922700,1
2023-11-20,189.30714416503906,189.76200213676566,187.75472463510502,187.76460727588125,46505100,0
2023-11-21,188.5062255859375,189.37638084971888,187.61630503925363,189.2676114417462,38134500,1
2023-11-22,189.168701171875,190.7705639920827,188.69407794514686,189.34669431189826,39617700,0
2023-11-24,187.8437042236328,188.76328767363577,187.13176183550132,188.733624664797,24048300,0
2023-11-27,187.6657257080078,188.53588093642713,186.78568783853885,187.79427548166112,40552600,1
2023-11-28,188.26889038085938,188.9412871423915,187.28008315178343,187.6558347269926,38415400,0
2023-11-29,187.2504425048828,189.93999969621768,186.85492560121705,188.76331653900834,43014200,1
2023-11-30,187.823974609375,188.18984363058675,186.0836789058975,187.71520518490738,48794400,1
2023-12-01,189.09950256347656,189.4159130354433,187.11199034893104,188.1996843513192,45704800,0
2023-12-04,187.3097381591797,187.92280887485518,185.35190415389414,187.85358512953687,43389500,1
2023-12-05,191.25509643554688,192.2241233156588,188.05135551468544,188.081033613139,66628400,0
2023-12-06,190.1674346923828,192.58011192579394,189.95977851245675,192.27358406476233,41089700,1
2023-12-07,192.0955810546875,192.81740609388598,191.42318430562543,191.4627450433353,47477700,1
2023-12-08,193.5194854736328,193.79635031367135,191.50231010992096,192.02637677770835,53406400,0
2023-12-11,191.01780700683594,191.32434997590968,189.27751140798418,190.948598334338,60943700,1
2023-12-12,192.5306854248047,192.54056806660662,189.57414602172835,190.9189246189266,52696900,1
2023-12-13,195.7443084716797,195.78385412672148,192.66911702808835,192.90642113434447,70404200,1
2023-12-14,195.8926239013672,197.3857175620074,193.964452594447,195.8036348613561,66831600,0
2023-12-15,195.35867309570312,196.1793699091571,194.79504567055722,195.3191123528845,128538400,0
2023-12-18,193.69747924804688,194.42920214917604,192.21426816132805,193.89523770867535,55751900,1
2023-12-19,194.73570251464844,194.74558515548247,193.69745188302565,193.96443406555753,40714100,0
2023-12-20,192.6493377685547,195.46742966263125,192.6493377685547,194.69616113684165,52242800,0
2023-12-21,192.50100708007812,194.8741537657828,191.33422165280876,193.9051267903215,46482500,0
2023-12-22,191.43310546875,193.2228443252002,190.81015202156473,192.9954077755279,37149600,0
2023-12-26,190.88925170898438,191.719846217368,190.6717128965979,191.44298138124012,28919300,1
2023-12-27,190.98814392089844,191.33423254727063,188.95120308408815,190.3355425015734,48087700,1
2023-12-28,191.41331481933594,192.48122849088116,191.00790021395272,191.96704448132198,34049900,0
2023-12-29,190.37506103515625,192.2241257878035,189.58401220758475,191.72972215657148,42672100,0
